file_name,file_id,episode_number
OP - 001,1vpo7CFD53vS-cXD2vf59zXKKUdIO9FgN,1
OP - 002,1uTgrZ6eJhPB1W0U-pGcsgZmYTpYYS4DL,2
OP - 003,1hxLq5WV-hn1gvXaxOk3VRT9lWQ4iMEgk,3
OP - 004,1sGWOYzdapim4hKlVcCIJfAsNQ0NO1i1L,4
OP - 005,1zSe1fnFpqPm4adcBYL5dbSqaEgKFBM95,5
OP - 006,10hRqiOJ6_5zhHI0zpe069uVLn674Qazu,6
OP - 007,17_sXNxr3E6PIV0jyiexSGahm65TdZFSa,7
OP - 008,111qqGIuBhm0vjnWsB3VOOgdfH22jchsx,8
OP - 009,1KXGrDffkp0SJ9061dFvTTRRK-NKPxOc6,9
OP - 010,1oOE6ouCLcnb0tA1nWNz9FsVeCkRt-YTz,10
OP - 011,1XO-45wYWFotg5rtIgjYWrREbSPa8wxvg,11
OP - 012,1uyMIWl9S5dliu1-3i8ERM2sfLXwP7hWd,12
OP - 013,1jyLxaPFPhe2d4821mHNl_OjguTnaZqxP,13
OP - 014,1wZ6cGXAQNQNtDKroK2__f_PJdciOyS1O,14
OP - 015,1yJUebXg7JofkPO--v7lTzh11M_iAr5tq,15
OP - 016,1D2Z7k_ZJYJPOqLfm05ZylYtm7Rwu2bs9,16
OP - 017,18bK_MdY6YIkpY_70tGiqLW-1cvq9JOLq,17
OP - 018,1IDdTJE6DAc-vqyx-mCvcefx2exgj36OM,18
OP - 019,1ODykeVvIkP2bO4a83yMDa8Yqp5-HeU3M,19
OP - 020,1i91w73Bmj8KNtbp1sVWYPiM-fn1GIPwp,20
OP - 021,1DXmuUz0Zyo8WXIJC7NzrHiQyKWHcASj_,21
OP - 022,1mJ_n5pMsbUiXMFgXFxeuloMtD6VANBTt,22
OP - 023,1e-2ErDu8qmtM5v96mdOLJrAe6j2JeF_8,23
OP - 024,10-DCIyQHedV_OQHJzCvjWB7uQAJ-N1LQ,24
OP - 025,1aq58iNhPMIuHkYmFbGl-9hOEqMblSXp_,25
OP - 026,1qgGENSyqKNcP92P2aY5RJEZViYQrWD-w,26
OP - 027,1ed1B05K_D2r_PKIp51qDy_Le5JvGZbm5,27
OP - 028,1teOSqkLhJeWtOL73ojjPK5X557Ervn3a,28
OP - 029,12sMeYGpR5o7jP57Vtw1sKxSZjhyd780O,29
OP - 030,1WanH_hG0HCm1LfaLGrGjO5TdaiRSQghz,30
OP - 031,1qGrCAtxe60iQONrQb4GOjmIRl3YtcPfm,31
OP - 032,1Gi-tKlECJcfeICKiQ18L9Vm77FEP4nUw,32
OP - 033,1bYxUH0RyvOutonaNPce8DhAUnp1UOuOJ,33
OP - 034,17_tMD66IxMMeEML7SM7cgjHiLBSUBdEH,34
OP - 035,1pu7fsAA_92wMNH2M2fr7qRc6ohmV98we,35
OP - 036,11bVbmYDhFE0ATtjUkYqYloEHngIp9Zu2,36
OP - 037,1FO__r532W8zg9d7gINB0jOHJfi0V9hhf,37
OP - 038,1ynlaLSlkvacwsdc8ehTcGDPWIxeSiRQ_,38
OP - 039,1kc5FLE5I-CEtvsQfFK1OBrPfkG8kRrsx,39
OP - 040,17X8G-sroDPEliGDRE_bOwxmETCcldyUa,40
OP - 041,1oUC8ROg7MY7PXehFrxxBtM9E0Qmm23Iy,41
OP - 042,18l6rGgXrzHbvYT3K9Dohl-OuHg-OD4mL,42
OP - 043,1jWfZy2bp_RlWOfXaQkK6DgTOxmfAJi_d,43
OP - 044,1LTBbGGw9Xa4-tA5q0TDPS-RhJShZudyM,44
OP - 045,15XYBvN7RWHMDCWwbSFBmNIDS4pqRP2DB,45
OP - 046,1slczkHnorQaHgnF-Psa88uxvLAVFqJ2F,46
OP - 047,1-qPfvJ16m2kdpDajlNSKyqRFjBjacuWQ,47
OP - 048,1japj10bpBVhTtiMZ6XwF6pDwn_UGHs8Y,48
OP - 049,1ZZUVRxRvznPzJ0IVB5K5le9ziTCc6fLj,49
OP - 050,1OeFWpWu3nmSniOgbm7vw7mbfID7LNc8a,50
OP - 051,1iLgJdUyCOH1933_d7Uoo7Qtof289KiyO,51
OP - 052,1TlQUfBDmtaw4Tg_D_6d2zmlYh1UsVXir,52
OP - 053,1lSyAeTdnYRXjsX8-32XaxNHiFU61hpf9,53
OP - 054,1JV3MnpAK2bnaWHF-MfR6UhkmpS5ZHJt4,54
OP - 055,1WsGjKHNlHOG8MUzHHUmLRDZ3yzIOhz9y,55
OP - 056,14EjRqk-ghNKS3PltOmo70BBa8q7mOEm4,56
OP - 057,1BjX3GMZkKgL1Tuei4IwcVUAFBvOqeCmt,57
OP - 058,1E2SpuyGUGjuQzi5erF0w8xH9Fpkpwz4S,58
OP - 059,1cD6-XUYYy6lIOvvFQeZANwhCM_eg3B3D,59
OP - 060,16AZkag9b2Uvgwk12oPK854x2dcOHdQFo,60
OP - 061,1yv2FQ2n4JnhZv1uJ6jVkYTFdnE5LneNw,61
OP - 062,134Ubo-ReRW1WN8f7C9UDpXb0UUTSXyZ6,62
OP - 063,1e0Hn7nTBDNV-2xQmDRCwRvkAVlmUluc2,63
OP - 064,1NaVf7tyi0MEzrSujabFXtrQ6ki3ojhbk,64
OP - 065,1ASVeqQf-NDaECjHPxh35mC2LfIXB8-KW,65
OP - 066,1hMepSdlH0de96RbbRfGexB7OLGlL0qag,66
OP - 067,1gH498akuNtG5EWiNuAs5To0w6O5erovP,67
OP - 068,1t7U4Q6VPtU2gT0OhXUV9QCpRBcbyFHue,68
OP - 069,1nNJ-kXj-bUg8Fn7kOQf5OM7Gf72qhibO,69
OP - 070,1I9wI91IL_NfKoyZaNb4lXrS3VckvwGw0,70
OP - 071,1oo9WlQzercDDw4QVIfrtj8Y3PuPWPRMS,71
OP - 072,1WHg8CeIEdJFwCS6d38cSaKh3lIPs5q5G,72
OP - 073,1G50rvcDihd8Qem9Iceym4dUN665rbq9I,73
OP - 074,1536t_2tblJiy38-QmdfpQxtNYawJsWNs,74
OP - 075,1XF3kxTCC3qubbvW1fTlUPtT7o14ASxuo,75
OP - 076,1SfFIXWh2ptqCZL7A4XoJiISiURdxpvWP,76
OP - 077,1603CIkyv9zzb7578eAPdVPdU6J5pVrE0,77
OP - 078,1A40b0GVclnmoR7taoF0RHBETuh1fWNjC,78
OP - 079,1R8-gszKVfWdsL6Yva1nfrT_8HpFTNmHo,79
OP - 080,1wC81q0TpuRFI5tpLwD73nktl3XPDN_04,80
OP - 081,1zEtJZigNSwpF5kypHpcpBA_Ro4ZFI3T8,81
OP - 082,1Jr2n2K-cTmmNECe0CpJNlsBaVNtqdfq7,82
OP - 083,1Pgl3RAI9Ka3hggFx7jW__OaBLuSoQ6M5,83
OP - 084,1eW4L4McRxGd75ZdJUwLbygI3Y2dkh_0m,84
OP - 085,1DWwD-rEa-35HHlmxi4oiXqXugy3ZiMXK,85
OP - 086,1HWo9cnRR2L6NtK-JqGeehgxc1Wbz0-3u,86
OP - 087,17LVlqwmxfkJL9EoZ8A_LTjRVPCoognUC,87
OP - 088,1FiDkDv5HTcFHJvXJ2Mbf7eq5GX1AwllI,88
OP - 089,1hEcfDYZWgMkHw8D_-s3wyH1xWU_IcNQO,89
OP - 090,1EqFR_OGgBpPRed7d5acwPt8rfDK8grDY,90
OP - 091,1nZcDCWrKYmR1TwoS15SAo5zxZUHp0N3J,91
OP - 092,1P44rBQ4tDrKCoNkYgZgknk3zG_tnb9gw,92
OP - 093,1JAZney2p98BF-xrH_1WGoYNxFx-d2tMn,93
OP - 094,1NR99bc5XVh4rOHhMQ9od-KufctAnLXpZ,94
OP - 095,1m6buYfmUQo4CVWwjt5TqBIEs61eAf8uo,95
OP - 096,1sgAHPSTk_zMnGbVD6cjjaYSrM6QT4eC1,96
OP - 097,1e31rGL1JXsuIcizMsk8JEt1c_oV2CBP5,97
OP - 098,13-cI9KMH5zgrA3sbDBVjfXqNDS26qx-c,98
OP - 099,1RNSZyg0NAOH8qWdquZ98bgWsP776rg_D,99
OP - 100,1ElR4JeuttSTCK2VtH5hs6RCaa_hIip0o,100
OP - 101,15l9EvMTQPuAmFh-gCVyTxibj1huA_F6U,101
OP - 102,1vBMGo6eMH9sKlLCdId3n5K3KpfDJo9fQ,102
OP - 103,1b-IV7u864ARcVoZ86acPXyIPYa7Zh3i0,103
OP - 104,1R7QomZUd8S2DuYmAGX1qGaNBF3RUtTuu,104
OP - 105,19harPbQMM7Ra4SbDNLIdlxwk6yWlJ5Ol,105
OP - 106,1yIJywlhintOsVdIfCBHoCqegMkpl8iTm,106
OP - 107,1TLeT41WQ6cBkY9gzgrBPz7aq_g-GR-kU,107
OP - 108,1M2h1APggOTeUaGbVNxiBmfimPsXgpzNk,108
OP - 109,12qHeAqKLQJVpzaxIOAi9LyLVCKzl6sFP,109
OP - 110,1eq-1ovKTZfmkDVxQ4bhujtA07Q90nA6J,110
OP - 111,1zHtTYpiLuOyRHVq7T22pm_3wINiGdQa_,111
OP - 112,1Xfn3BmclbYabkkemU_eQ5UE5duar6zH6,112
OP - 113,14N7XX-9_3GGYBf3PFmDM22vP9qJ3JcfA,113
OP - 114,1Bm4ZxOcT_gPOD4GNG6Klq7IZIzaHAw_d,114
OP - 115,1nzM0RUHtXWiHNB1Ek9rYEO0YjdVtcqc1,115
OP - 116,1FWk-85CeEOC4fAD3vOZEX-7oNVswhUNO,116
OP - 117,1Zn7M0D5p82CV2YT2pCjAiS6JJu5Stfaj,117
OP - 118,1Z-o5Zu2Om_sqqHkAqAsvuj79NoZMm7MQ,118
OP - 119,1qHhrDKu1OCTnZgjidC6BSQt4HzrRNXJW,119
OP - 120,1NV6qhIBMQBGWfT9xg9hjxIiba-s6HVlo,120
OP - 121,1Mc1nNb07lCdswMK8uFwR70oNH1wthq-B,121
OP - 122,1z3jUPGVz8XSKxp1ipJXdjnILt7O9znO-,122
OP - 123,1gi9qYm5zfvKtiAINplf99tIGp2DQPkHk,123
OP - 124,1y4FP2Taop6qBzF_YiB1_2xO5ygAjF4hY,124
OP - 125,1YpcybHpm9-bBZ0IWfVC6t-J6Xug53gRQ,125
OP - 126,1TYZxUPGBwdbWhth1Il8GMt_xYp89L1Ur,126
OP - 127,1m9y1wS1_rl-8ynxlkZlIJWYGdSlxR1eV,127
OP - 128,1Pv2a7zMfV5AmlewI4WPSu5jszVuF1LF0,128
OP - 129,1wq3w5ZEwJgxnqeWnMU5bmXyTXNqI-R0i,129
OP - 130,1reVwPbleUnxf1Pu8KIhhLzAA4ly_HYib,130
OP - 131,1h6jB00JiV_MTK8ojsOD9znw1rbYsOLpd,131
OP - 132,1rFR7J3S2mHMhYtsp5AqOO6aWBprAiacW,132
OP - 133,1dpwYW_ZVJAKYOUIji3ZIJYPl19LIePrM,133
OP - 134,1zM25e9K5TnhJ65jSlecNFHaQ-aRNLQUc,134
OP - 135,1tpADpCRYUggs7IqQRsuoH9jqbrygj4ov,135
OP - 136,1v79kMDOE8iB16DVLbjh1Z5BwriqbERNE,136
OP - 137,17XqFVreLvK3-GCbSstuNkedC84u0AgE2,137
OP - 138,15xJvuYsIyND9DbA5FhBhA9jB4o8Wl2IN,138
OP - 139,1Zn6G2ks0Q9GBiZ098V1CbrEqPjHetnqC,139
OP - 140,19KSRpxtYVMukE4hsbancvXehgI9acXtf,140
OP - 141,16FIRQ39paTyl4pyT2MEhJnzvr5fNQRTl,141
OP - 142,1ghnwsWAX3AXrTpB09amF8uNVdjaorn29,142
OP - 143,1Y679ovku3TD7wS3LtpYVU3UVZRwqg7_C,143
OP - 144,1uRDWq5i_YcKmejcs1H0sXEcsmpz-gDl5,144
OP - 145,1YrjJZ9YjkvevKnRyfcOlHlF4XJU4LzXx,145
OP - 146,1zrzSeE4M6PFR3PRQmtfTUfSgVo6M4QXj,146
OP - 147,1xXRujP7E3ylOL3yuS-Ec8s_HXXgVXzV5,147
OP - 148,1M1u9yn7NsagZiBjHae4yWQpIwJKqTrAY,148
OP - 149,1eN4hITNm2NkOsq5VY9PhiNs9BCrsZ0X7,149
OP - 150,1fvQQVYyBpAPvHCxiVXX1Y_3TjChlAEyU,150
OP - 151,1hJHtNRUQ-gx8ww4__vgxPqmzfpE98YAH,151
OP - 152,10m128OXlrgkI7YJNgYBroWk8GQ3_FlLz,152
OP - 153,1mN9WdC7PTFW2SWJjdImUKdn5yXDBFSiW,153
OP - 154,1wpZdmnmro9ZeQ9IXNj6-TGYNestXn3pl,154
OP - 155,1HZbxFf18_bfuJPUqvQJu20QwQikmr1_u,155
OP - 156,1NNMRIFLf4F-PHniS22b4XyVRyMyYVFaf,156
OP - 157,1y-Mce4dDkWhmvp7DaF82sbxhkS5ZM2Fb,157
OP - 158,1IWiDJq6kLmBAUtlbtfYrnIgK75lT1HTG,158
OP - 159,1Ks1BIlFk9nGTgQckFpCeMNw6X3RFlk1f,159
OP - 160,1cAFB7ZWBX_6e7ATc83bmoAxCIF2-yBBn,160
OP - 161,1O79NfLWaTGCtiDDkazc7FHxd7sxhfIta,161
OP - 162,1pLipnjDHld5kz0LpQ-A4Woeyg046Z5tY,162
OP - 163,189qZ0cs7cDsbO73Uo_wHOkf_eQB21GGx,163
OP - 164,1sZWmfpEv1g0JgbF1yETJJwNBg-Ii0Q9s,164
OP - 165,1avBb9zJNF2DqygccKuTWetMqx6KtSmQl,165
OP - 166,1nx61jihsVPze9lqWC5YmO2rXoZF04aBU,166
OP - 167,1colSnqSyZrEiQJHOjSKM2fIx2vUGC_j2,167
OP - 168,1kcFKkxfaNITp2ScQ0USHqOyXqTHEJbGg,168
OP - 169,1ibNIC1dIw9Tq1-S2FsFHArilqwmRpTbY,169
OP - 170,1u7ETzsgAaaHtci4Oxb1QE47ogOnwzo5n,170
OP - 171,1UcclDSmWP5ZRWcU5Kq-UVnHfP8w9XRHe,171
OP - 172,17OcH2hRHLdnY0rLJwhmLF8t0ItEIqUNm,172
OP - 173,1ZKVRkahJDC6P20ExXbxTET2BEIw_XAA2,173
OP - 174,1Cpmpmxa9VHR1SdI2v2AqLkDXIFcqI0EA,174
OP - 175,1yGBfp-lDzjHOiiaTKRMsoF8INNis8rQd,175
OP - 176,1ZJZkMElrZ9CHyNCXPsuyBc3lWoyJC82-,176
OP - 177,1cF1uDI9muhWtkBNEvHaVUQQ9zBEjhOd3,177
OP - 178,1m0_c1bYeF7i_I7KFCev2XDCBTpaowzX2,178
OP - 179,18YsDAYmIj1Ziv_y_-gvoTDASqxH33vek,179
OP - 180,1K_rNJJGGlbMCWnAFZdWs1Ctvqj5kOYok,180
OP - 181,1i81OLDqGySNyHGNZZHI3FdJYPpKXPu8a,181
OP - 182,1uT_4007Ip7pCMpZXClojlN4ikfjBr70k,182
OP - 183,1ASJX9U1I_TZw7iqn20QlC8uYV7jk4YSR,183
OP - 184,1yCcgBi2H0JAPNSulORNQ2D3PauG9bWVZ,184
OP - 185,1eOaz9LZ8snkNQsyN09KIAcBFBPVwPWgh,185
OP - 186,14Sq0x6YVdMKyI6ZrrmopV2fSnvGOQKmw,186
OP - 187,1KxWpuuYDru7FkYYB2iBqaMhiLpC7Z7k4,187
OP - 188,1YWSJrVq_SwOvic2PP-xaHNPqxvDdX43_,188
OP - 189,14iXgfxSWPIYzXqT4JCeyOXKvSwt6j5Zj,189
OP - 190,1VdDv5wzYcFtRoLEvbISFYMd0afzY3vSF,190
OP - 191,1mQSuDupWyxAJ3jdpF2SMQd5Q5iypRJyL,191
OP - 192,1W3JgnJ3Qp9AGRdA3YSSi2ZiJyrIzi2yU,192
OP - 193,1ywBPWDH-imgq7ulPSv59N32M5ceCrPQl,193
OP - 194,1hNk8jCQUnExjfiv6pu-CIYBafBZ6KBMb,194
OP - 195,1Qql6cBrdKLgCnLx04ITMzt175D8QXYJm,195
OP - 196,1TE1sle4FxF7A53i3z_bixOwTHHgEVEdD,196
OP - 197,1XDR0qL2_1oXpLldfIk12X_qmXt_1mieh,197
OP - 198,1fHpNUChh-T8Us3xp5BnetqU2DQ_TX2O8,198
OP - 199,1FocTECs-i8vZFfQhdIFIBYApJ-wGyxjp,199
OP - 200,13Uou2e7WCuEVTnnN5K31j2pZEqUJTVKt,200
OP - 201,1OlXcg1JORBdq8Hk0uQtI231NkYVj7CLM,201
OP - 202,13RbLEn-etLvDGUDVu1bdTChUwL2xOXrf,202
OP - 203,1ezTqj4hIt1r81CpSdKv6hSxtWUcd7PXU,203
OP - 204,1s9SFinleU_y3bwY3bzCTLShv0QJUytx1,204
OP - 205,1BjsVeUc2YCOSxXGXje044n9rZTJmKUMr,205
OP - 206,1TZQqiWqLxA0vdHLa5gxYD6EVmbg1o6X_,206
OP - 207,1qv5CchCzF6Q-k3LkfgHJ9Ng-4BftANoR,207
OP - 208,1HYG_QX_lbIpIlstknVnsyFS-8WJXc9oy,208
OP - 209,1CmzxfzPFmMAaRBBdLeoXs52g8aAoY4GT,209
OP - 210,1IlLm_yHIyzVZ0LslC9OBze6G5ekWIXji,210
OP - 211,1uLnKhFyO5ExeZJZVSCSUKv0POk_iT7Kc,211
OP - 212,1_Jzp_tra_tkxZ8R8i79LoOQv_qMkls-Y,212
OP - 213,1eJoiRqZ765rw54Tgf_pRCn5khvUGIH34,213
OP - 214,1DQ4fNL4rv_4_kwWu-kpoyj5yBj-ud2va,214
OP - 216,1hAcxc0prZR81nmtOLHgtmNVKoh6o9xyI,216
OP - 217,1ltNiEWYeBo5VP0IMb8i2zYGCrxM7YOgz,217
OP - 218,12et7W-r1ostigFO68UP0pAItH1LlqgXR,218
OP - 219,1I51Lcr2ObCiiDRhT5thSD6LqY-CtTwOb,219
OP - 220,1IBjkASjYL1lV-5NiY3b1QnWGvpvaad0U,220
OP - 221,1n-KVavr2cayIbuOdZO37BIyazuidnxtw,221
OP - 222,1ACHzSPn2DU2Rh_sSH9JgPULttjffCAHs,222
OP - 223,1jCLkv2jYe0Ecvwojxbs2YiH0PCeqZtrk,223
OP - 224,1taGNURGI8XfmOIzjBSyFsiIhPW1Os0Z6,224
OP - 225,1F82tyJ5ZqQSRlOrlI4vbHHIoJ-t-fZKE,225
OP - 226,1BLXGgn458my6ZkcbnxzPp6pHT-hJZel3,226
OP - 227,1jQBLm6NmAe38Wfmae9lu6fQxxEJB0Ty2,227
OP - 228,1G8R2S6pNtOLvfPu23X92OHtx4wcco3bd,228
OP - 229,1LEurMtgQ74D1Ssz0snTdr58E3fKVK5D-,229
OP - 230,1FZJJg4QBKcqb8LiiBfkYqnDZ22s4DyDH,230
OP - 231,1-i7NuZgldSwOQkNlpEsosOZmOWKGRQy9,231
OP - 232,1G97jtlcNJgG8OYKofn1cuiY349484lba,232
OP - 233,1iSTxSDay1TpK8OmLkdlLM27gqbQoofNN,233
OP - 234,1F6cX6AlkEyau3SnaIJ3tMu1mr3jkqth3,234
OP - 235,12BS7XHAD4qVO6MPgg_z052tI8K7gTBLg,235
OP - 236,1eGGLn4QlhmIOX-4e-MNDJpKAfk6apiXL,236
OP - 237,1drgjaqimpTHJirSR6ry9mxwQuNq_it34,237
OP - 238,1ABli8iGhB0FFaNdLECkYw1WzG04nzmm2,238
OP - 239,1K4L81T7OgxGclQQuDo1guVMdvCygJRkH,239
OP - 240,13ZXVo7KwdqlOcsG0lWRbSJWZPd4maSuf,240
OP - 241,15F5342YCfzGsx23PH_kHyy27TRAUYVK3,241
OP - 242,1M0QiOb3XYwTYZaN7zcuLaXnul8hwIPKC,242
OP - 243,11WTh9x9fBW0e1y7OF2QvOphcG1h2K5Eg,243
OP - 244,1tnd2HFUeMomT_xZ6PzbawpuM8HRMY-ZA,244
OP - 245,1tocUIZq-Ikly7O_N-LwGsCxNZmKzuL1k,245
OP - 246,176lcBa2E78dt8vwvydZNZ-GnlhrTggkb,246
OP - 247,1p-Na0nFz62UrB3MbpQRoyChm51Nn6AY0,247
OP - 248,1U5R9QtWm1HVWZvnz_anpXtxRufjYZaiW,248
OP - 249,1NYr4OkRyPoyEX5Ra14BjxGr1OE89y-5c,249
OP - 250,1T7RaGdipbW3uhPNLmKJnC-pE9jU7pzT7,250
OP - 251,1iNo-P0IedrKhhMMpZRXQNpy2bA52SVOu,251
OP - 252,1Ktwi4CdXsMvpvlNsy6YLAsEUcBvO1mCB,252
OP - 253,1zw7vmCFlp41cv5-9-1VcB9za8gjsdxxJ,253
OP - 254,1udoc16puIHrWbW6sLjzyawpnexAvctPQ,254
OP - 255,14iEvzovQBSSHeOHRKvUgE0xj91yrTIZw,255
OP - 256,1_-05tYoN2q7EldR1-KUxhkPRTNpxB3Zy,256
OP - 257,1K8NzbreHZ1zpF1UA3uCrxJv38E9SCQoB,257
OP - 258,1HVtcKhjiOUdTIvZ5oFNKPDRqVly9w9pD,258
OP - 259,1MDppzXtvZscGrZJ0cN5QRczLZnrYv7ca,259
OP - 260,1zhHhFnP04cjhP_w8dwLYJKEo19ncGpXx,260
OP - 261,12kom7L5PyBtpazM0hbJdQRaY-1ezB_4J,261
OP - 262,1tprsVio-X4iEpBfbbTHyliw-nZshzZf4,262
OP - 263,1_IvhPGIT_0F6wZ2UURnOqVzwJw-oMH8c,263
OP - 264,1kLdtQABB8ieKfSxP2DbxfotwRGZt60Yk,264
OP - 265,15cc-HPAJE8kj7TOvb1yaYeKF8YziQw5P,265
OP - 266,1DwzE5FOtlrbdH3RnPsGsEeqIHEuG_aub,266
OP - 267,18SWFDN6hZCtZMdBPAcbu4yKpQxY9jjoP,267
OP - 268,1x1XLQiYkwyGdGKXAuuR_h29N7MEgbs_3,268
OP - 269,1vl6-v4LA3qLByPW_BCgKswVSZRE0uPRQ,269
OP - 270,17pGgVmpxNYSxkkhQrYbzZGZrqVrVSs1L,270
OP - 271,1G1zQkwF0FdvKqzkGWxBHXUUswesEqOeT,271
OP - 272,18BK4iqfwwqxtk-bYIaFZ2NZCPoDokraF,272
OP - 273,16sDJoA8tBFKSEFl6ND3rXPBUHSvMzOFa,273
OP - 274,1nSLL67T7Y6dCF9HbbYfyRC26TghLfdMN,274
OP - 275,1aFIiTxEaNx720cRahupLBWXKYDTP93cy,275
OP - 276,1jkgRKynghqcPHWyl94RJR_9ZKMxY5Fr3,276
OP - 277,1UhGszlonTe5fjzyyOpU7rLwdgSGiANQu,277
OP - 278,1vQ6Bunhz6whOeIiN2CFY22oUu7R3xR3P,278
OP - 279,17l-6jp34e9iphNXHVFDk4Opj1LM0UIfV,279
OP - 280,1Jq9k2ziFX3-pk806viEC68f7tm_GQwus,280
OP - 281,1acaOzQhc989dPQuIzhRc7NKSZvuBtpXh,281
OP - 282,19ilT2HwRQMIntCY_87Ty1xclChCgtnjv,282
OP - 283,1rvNlNNjtlRoXdMF9DjaYPvjb9pab7wub,283
OP - 284,1QYQWbOgPIwaMcaEFedxjcQ-KgUPN_wSP,284
OP - 285,1p318zG6aZ6Haivus5DDwzseYKC8ZtAMi,285
OP - 286,10WoPARgK2TkMGkRokb-dSGv5tAcyoFw5,286
OP - 287,1Nr82ENAEu7fan0PpMESh_H6tj-7OGSRn,287
OP - 288,1reo3nfpGubiMMnAVHwR0ezX8LY9Hrq8m,288
OP - 289,1NtcBzn605ziksefgPXd7OZ9N2rXt4DYp,289
OP - 290,1C0DBQYK-00nFP4i0z86h5NelIqkD-MqB,290
OP - 291,1DZYhKBTMx9sruvvh6KlRrSzr2HSc2-P4,291
OP - 292,1QnnaoJtfJ3emE82IJDzLkcTSP1UlcU4J,292
OP - 293,1D9HdpqYebY5tdZU1cme_p1bCF1iMK7_a,293
OP - 294,1qYJvHBxI9-dGnUwzVg7DoFRmEDmvEdDt,294
OP - 295,1SAQ1Ewviu7PyUQagVdTmFv25vWkBR2IB,295
OP - 296,1ZZdu4saV3follZdZOrr-Dzq4LHOHZxj0,296
OP - 297,11ZASY4KsTFZqnqAWurK3ithTQtmTap-R,297
OP - 298,1mf9-FRDCF3BMf2GiEWR0TyqmeBcNz153,298
OP - 299,1hv_YfHDZKegHtlAPMOi2qvCaidw_QBy4,299
OP - 300,13r0ED2MOIt8aCt-34CI6XhKQuCeeikyu,300
OP - 301,1OMIkZGx9hrlm8hejo2iacBMFKM2zrCnh,301
OP - 302,1SzUC2SzDw1kTeLcAb5qValv3ws8wghws,302
OP - 303,1xBWXc0OaOIkYuJYF3M6pWt4k9nAY8gdL,303
OP - 304,11GMaExUNFOjdgS_0X_SzdcFWoNP6bPLZ,304
OP - 305,1HklJoP8wAkJEspgsR73DtGF5KIXh1hkU,305
OP - 306,18a-izgdQbK8f00ch-NdiAHy5q6um5Wig,306
OP - 307,1scsn66Ig1-EBm9zZIt_yfs5kqZ_wNk2S,307
OP - 308,1HoOqYaazV1CxCcNgOeoWM1OKuoi0QQYN,308
OP - 309,1toNhCRzDs64GfgV7h1kI5gLtFUNACsjn,309
OP - 310,1HKB7emSQEiac_XWXVB5mFR41-K7rgZZZ,310
OP - 311,1IRuZ4DeZAixvJ1kAfeg7tfhV9ysdBUJJ,311
OP - 312,1CiHyFkuCKTaFk-ez-5iSeUDNLKiOfOFO,312
OP - 313,1pNxV2enOX5hCrAgTFe2FCLMTUJSk31NT,313
OP - 314,1SpbFteMb7yDK9R3i9EH1sM2sxBqO5b5z,314
OP - 315,1Tbj6xB_9H8ClccK3vdr0c_tmYDw1Hfh4,315
OP - 316,11rYGJdBlP_e2qe78leshymU0IEnS0p1T,316
OP - 317,1Hft_gpFoY3Wors9IUPPgffimnae0N2E5,317
OP - 318,1O8Y6um6m0M1oWV-pQ8BN8ozsKLaU8pp5,318
OP - 319,1DYJ43IN9XH-H_zxzcVAPAU8fRDvFrWtA,319
OP - 320,1sh_0cvEip6WeHICXxtK_j6L0VfmjHPso,320
OP - 321,1tobVD_xrJjNQErqyU4Dd9EHfEsBDAtk4,321
OP - 322,1L4dU_3UTmnkHy8Z_fMUQtwjiTBs8oKqI,322
OP - 323,1K4lmZP73X7-JF7CeYOMonljs4l-IEL39,323
OP - 324,1JGIDozMErxT4BKs6oGIthT85dwZOl0zQ,324
OP - 325,1K4s7oG1FUpQ4JoU2iLVDhKKE4jq-pzP8,325
OP - 326,1976g_pnHyzFQXfadt7T5bzvMD8Nr6_DY,326
OP - 327,1cQOwfDHVLT90VfZTDqCN9Fs96Co5wrN8,327
OP - 328,1IZiAtv5YTK9l6DN6naq3oBzAt395KlxL,328
OP - 329,1WqZFJ7Qiy7ErJGqpUfKlrl3FKrxUvTiO,329
OP - 330,16J0oOTdlH88IiEP-y96vNJnJX9lLNfos,330
OP - 331,1xsPfgar8WxBA9GlSpEcYfcN2WUdrLxZF,331
OP - 332,1oxZhFjjOX5k3hc09_0SskzrYc938lxeS,332
OP - 333,1erlUxMjqnLqHB296KhN3UW2XjJWhWMgK,333
OP - 334,14xWfcfm4PfybHBerU2eoVK5hsg1KMjKA,334
OP - 335,10ffBRDh5bLianhn7Y55c3SgE9phYRoct,335
OP - 336,1Si26S-YPTHseWHzm430oL61ZR47Umgzc,336
OP - 337,11UrRN2sDtqhZ8nwpGb1gaTxuHSl2npSk,337
OP - 338,1UFbun23frjmIT4-tS2y-ZL02ZdSvdoPI,338
OP - 339,1pEu3OEgTFQXe4EjZVrYD8jfo8j0tEeN1,339
OP - 340,1pZ0T3MjkFuLwon2445QQomghgdsnt5Jz,340
OP - 341,1WHzooAQwYwhtMri4Eojw7Cy-i8I_j9eu,341
OP - 342,1M8C1t-ZOPGyp7BZRlnrQGHgR6sYMFyD1,342
OP - 343,1D91xt_YA8cfkSZ7PwJlxJRAaebMuCtpF,343
OP - 344,1_mUqTqbeYj-s3LsqD8wrHft7PeMULK-U,344
OP - 345,1-6gX7tg8CanYnHEYyJ3A8-E1XJhm_KOB,345
OP - 346,1yi-HL3EQKcx2l384CCPDaQOnAfp1LXUG,346
OP - 347,1c-Zb-CPVQRCKUebttV6hDMidISgh_Hm6,347
OP - 348,1T-Uqi8kKtdY0zklkU6Ku1_x3AFQxU4G4,348
OP - 349,1N61WZbbljDQh8BuaeTiUEju1Hc8HDaau,349
OP - 350,17ujQRDfuZxB_YTTlEpxT0KqF4yjjO0-L,350
OP - 351,16umyGkpbkzWiaUWiFiescbVtOr853gkG,351
OP - 352,1ibBgaetx2-O2v614hhNEeLCE5EHyLPRk,352
OP - 353,1SO1SOeX4t2zHpYD02myrxvgkL3VbGIxz,353
OP - 354,1Qty5Ge-C_tK6G6yc2UH4CT5xY60idDgo,354
OP - 355,1Cy0Wxf_Bds0FEWNA-gP1aYYKk7gRyNPK,355
OP - 356,1zxR1_qTlO-TWYgiLDkSSLSeASfyYOWVQ,356
OP - 357,1dhCItm5QisX_mbQxRKEFR2Yy3vrc6cJD,357
OP - 358,1VYeiapKAsipPb1JDO8m68MiX6jwiC8IO,358
OP - 359,1k0le4AkjIzrVi8dxuCv6bXnB97iJlT6o,359
OP - 360,1IwlfGoDP36ywf95jOlHBgl1ceAq7ybXO,360
OP - 361,1uAc4wpdqdIv7DNvOKSYAKHzhe2h1Jbcd,361
OP - 362,1U3j3KRG0M7ubwISYmdD3q2UAgTf8Un0P,362
OP - 363,1Gc8X9etz1E1vfXfki65-ceG0S7fpMQqU,363
OP - 364,1Ts9oJe0b7Tt6OiJKEbA912eql127pBag,364
OP - 365,1Wp0PwNzXPm8U_X93FbsyrLfkvNrQ_TaV,365
OP - 366,1GTTHCHEuaR5sIO6fSa970Jk5_9hXOYmx,366
OP - 367,16IjxtgPElQrKVImA0P6SQ0ukWnBkkOKW,367
OP - 368,1--3Pk88-ejiWHRT6laYiiwo-hb7WgHK-,368
OP - 369,1pyaKkmwbx3-8cQG3U2ULY0rKppipDAkI,369
OP - 370,121AuHCkKDdMyy2krqPuOPxBoJpgYvgOr,370
OP - 371,1rfJIscxNMqj03XWO2MCi1OaalAvYNJfa,371
OP - 372,1HpMVJTYh7yV7s8FLOEQ4c93PErQ9rgze,372
OP - 373,1H3bFwV5uysSeW59XpeFosnK69zD0gRv3,373
OP - 374,1IDmVQ2ZNT5NIywXiJjnSfWYAfIngBQTt,374
OP - 375,1-fTZRz2j9YxMWQB5c7HLzMkrDdus66mI,375
OP - 376,19Sb0_Tp0Mv0BEhUoEzklouJw_gu-rw80,376
OP - 377,1zueJvRUQ87h0voh3VL9Y85S8ZS7e9ZRF,377
OP - 378,1HyUII-QmGcSmlQKHYonzJ8JR4vdC8vgY,378
OP - 379,1fkG-BXGd6Oh_oXo4f1xoNm4rVUmvZYJl,379
OP - 380,1JeWEJHsHbLTHulbWkdvvfH4aSFz8IgGA,380
OP - 381,1FsdErduIeup0dnvfVdbPOvuvR_I8ij-g,381
OP - 382,183nKJLn14uX0O4orOk6U_d_PmJFovACq,382
OP - 383,1P28OiE4KNsxtsaHWW6SSiEPhF_1BBLsB,383
OP - 384,1h9baKFr-1iwfkfsn9KuGvDns080rhdlf,384
OP - 385,16Mjt4s3dH52Eq4gFWEWUu2YUnWtc8gA-,385
OP - 386,1XL43NsypoUrjTqU9gA4sSjpT3DkdUr27,386
OP - 387,1RuS05fM_2CsdLeAk2sFDUxeJ24VNivjR,387
OP - 388,1INiZ6wk4_IqO77ZKVTQskOGvAzHfrcCj,388
OP - 389,1XUQFhk2Avo50NpDl2GMPJCW-PhkmK52Y,389
OP - 390,1MWQsAsr18q73O-9BE5dspMq-DqJQ3W1z,390
OP - 391,1ys3UBTlgn7ac-tngCZeBKXOqrYgdmQMJ,391
OP - 392,1SzEO1579mV6DQDZvaMuok6nrmOrQ9EVc,392
OP - 393,1FoTILCz51rP-9S3ItlYd6tQxGvl53pxu,393
OP - 394,1Twv3UW8cpgdPIYbZ42IhcfHNzQ27FSPJ,394
OP - 395,1WGIvw4OGo0fWRTBRqF8FsI5KEnY07oJc,395
OP - 396,1X_poV2oBNgxB4HxwJ59_8L8_28tUi85M,396
OP - 397,1zW--5Rl5JtExIPfODyqaiNuzB56DWMEm,397
OP - 398,1M0V36A5Eh9Ri5Y6Wqp0FXGJ0NCadkG-X,398
OP - 399,1dLJicEtMIz6Zpdx-6xaie-k5DYwX0SB1,399
OP - 400,1Xql0Sq41kRTT9ml7WQXYwKNc4UMkcCWG,400
OP - 401,1mSRA7w9dRVcxwsMjP8GyUMSFxwjhE6zE,401
OP - 402,1I3N46y4zKYmXmiodhRXP3n9zSDpHb8lk,402
OP - 403,1YacFM5otaLmMFwv1btcHIbieklkedU1a,403
OP - 404,1jPq_lIym6IrGkSwY_imzoBpHN47DxGAv,404
OP - 405,1O1dQMGLMIYrgHn_EqN-ymn-CNOrgifJz,405
OP - 406,15YdLWv57iDYrF3ImPgcOchZexm9hYpcN,406
OP - 407,1tziSuzkpzt_owGZhI7fk1AZWvUCUAE2s,407
OP - 408,1PIx2NRmKjX_ffa6qfhBsgiHljpdVbXp4,408
OP - 409,1EeqXkRfiapmr3qDMAIYi6rqx5Im-TkWS,409
OP - 410,1FzOuUfpPVZYAMczMHcepZzdJmVYR2Fb-,410
OP - 411,1bLrx05mdAhM08-hsRdI9o1Q4eoOLz3ds,411
OP - 412,1ZYINHY_XWTdeu0q-XMg2Cd4huACVceBT,412
OP - 413,195fP_eE6qmbmv2JR-V85kYnAoZPzAvDV,413
OP - 414,1zSYIKh6AxQ0Th75dwLz6PzhHXB466ahu,414
OP - 415,1mXmylqPk69mO4Dj6bCyQWVNXYKQU788s,415
OP - 416,1f18ItCYbB77nO7WFb1iy-JGkfs6BCSZ5,416
OP - 417,1aY5cQ5qLlDsPZfQvkNd3RI_hbwQSfhzj,417
OP - 418,1D8hOXrwi5OdKk_B4NIpInTkTS09IQRsn,418
OP - 419,1c6yD0Owq0H6WBF8L6T0jGHrgHysVpPCZ,419
OP - 420,1F6GB2YBVpgyFnuP-TaBCqv9ubcJ5tV3S,420
OP - 421,14ih4pUCOIhcploZy3aHMJSZdVcqHWMLW,421
OP - 422,1p0iUVclyIiN8fILEub21LabdtDOApqgb,422
OP - 423,1kkWJyduF6T5mCjnX8KqgZTCfIDR3aDmJ,423
OP - 424,1OXHbHDNXXBBUtQBduQcAO6R5GDQBmjl1,424
OP - 425,10vovUc-8mm7Vs-8gQ4k77vdl1LKVuOd_,425
OP - 426,1L9Jy-Tc6sm_T-3L416yZOxiM2W3bA-oT,426
OP - 427,1SigUPqs92k4et4Xp8DJQb6nedTdxPYVv,427
OP - 428,1VvKLQMw0as3mlvQuO1uO_4G0VvuDAM0L,428
OP - 429,1nSm8RNmcML5EdicFHs9S4h4enBKuH3PY,429
OP - 430,1N4JiX54Z4QfEYR9QCWFosIgriiE25VUa,430
OP - 431,1o_se8fLdPvD8-sNNh_pXxQK2ol1Uvp4q,431
OP - 432,1H3PO9XD_UEa3xt0ivKp9pJjmeQCxDdr_,432
OP - 433,1VgdomqI-cAy4oX4Bk13vqA0shpovIu4Y,433
OP - 434,1VwMQs2RlvN2Jc7w4Um6dD1UwtH-ylFEx,434
OP - 435,1N0791fwe9IX93r1rHXIUIquLjMWtWB-G,435
OP - 436,1cjcYDJJcOZnTkmA2zVvbaCxwAoDK4R_q,436
OP - 437,1Nnr5TWz9ytsG0Rex6p-n6nI6Y0R7rg1V,437
OP - 438,1l2WclPCfwc7jMtFlRD-PF5YyIb7RH07b,438
OP - 439,1Pn9muiibz5uJHcLItZOvnLxLLE76HHNz,439
OP - 440,1DtgoL-YFguSwSMFKmMEy9ZuXn7xs7tka,440
OP - 441,1M372A9qnx55v-a_F2c7uVS4riCY6Mw-N,441
OP - 442,1JrBiKRLL_LkBcdTW4R3EuliTSM85pi9w,442
OP - 443,1uTmcYQoWTvCosV3ZTzWs_iYAlPgbB1tO,443
OP - 444,1MfoweZVf9rMiXP9lnkGXg3JsJxJubjop,444
OP - 445,1oRZa8yBJh29gDAZb_ThJ8PNpTxvvonhw,445
OP - 446,1yqZMgSq9SGuYx551lvMQPZ_BUMTQx5Sb,446
OP - 447,1GddebQJBSjTYaawO3JAUnuaUMxtKRmgy,447
OP - 448,1MqTMvrUKFjAk8orZIkP23oMhZObGMRyF,448
OP - 449,1e4I4_ubzmPl9CyLnm7iXCr6kj3HiOj3V,449
OP - 450,1OOsoRToX78owUl5namZktFVfXbOhyOih,450
OP - 451,1nTw0fGyvWpZVnWjPnudsZLjzTHTawyxO,451
OP - 452,1ONVApEyY9ORaIq-cpgP90WgynsTsCmmc,452
OP - 453,1R5_SOPRrYetlOif4HklPunkI_OiNCQUP,453
OP - 454,1HFtFCvr4S56K1O-Nvzf4F_tJ81vwYEsN,454
OP - 455,1i0tXZ25PneMmdjv-bLuyYNwMjvlArETS,455
OP - 456,1drmG9dmqyhbE33mx_nzK17v4IO7h4DsP,456
OP - 457,11WvZ0GuBvvBFXXakEbwgyHiefZDD8HVa,457
OP - 458,1PuiCP_GEwwvotiFcdWYLK5Gcj5pD0ag5,458
OP - 459,1ul0KO8uepPYYH300lrqU5CbC3ol_N65l,459
OP - 460,1C2vrveboXAApxNqXgvG9kI5TLBf68QV8,460
OP - 461,1OfRmd1I_kaHDbRBiU3SOEEWpIH_269en,461
OP - 462,1h6w358roxKxPbWs3-jXKfIGAxE8E5b9H,462
OP - 463,1wkQrm9SgOdz4g3KkygPHhX49Z7jx1QwX,463
OP - 464,1E3vCRPuUALawihqEREfJqtGM1aIx3jDs,464
OP - 465,1a-hAnpKYZZgisPU8rSS2lQZGE6dIdGlI,465
OP - 466,1bjIRLRA1UptZed7BZgGNXazoxLbVQ9dA,466
OP - 467,1XEWPDgskHtpDDpYdXdA0970P2ItU6w7k,467
OP - 468,1FLEUZhEe8S27eT--fbL04NpcDIweIl3W,468
OP - 469,13PkNYfheG-P4RVJoqJtRa5onOThuo-Z0,469
OP - 470,11fAzeT0e7Gk4ym80PY2v2t-odwTUfQld,470
OP - 471,1gKF92C5NEwPL5o9_cxDkqsm2sgLljLMs,471
OP - 472,1Bahiwm6aivOiJnxOfQY0NG0J_lRlzoS5,472
OP - 473,1no1sA9H7IoS12G6P20ZCH6fdhyvytpl_,473
OP - 474,1odg8arLrAPExV4jJlaMzFgomPQX5ly_6,474
OP - 475,15mTWIzQcr2pGG2T3nAzYzELlkNknn14z,475
OP - 476,1e-NvswiPdsEvf_1M5SFgR50ieMJNKW5-,476
OP - 477,1SRD399u9l3OlpTVHrLyLZddCb7J1_LAI,477
OP - 478,130ZJqvp0V-b9taGyazUWB2XCdCBzxwC6,478
OP - 479,1vXhcmTiY8WZKG8-VOI9uksN1YhkcTLFi,479
OP - 480,1docBHS_KQDBybSkmNRkND_Qqsmk0gGF3,480
OP - 481,1L8JyV4zz13l52uuHuGJjv_jKUvNkOLvC,481
OP - 482,1QkvU3G7_dkdTvHZBSFd2rw_dSSm1ZplB,482
OP - 483,1-Dnw85UVZ7iA6YG-9BZ-8ALEhbgbJSUP,483
OP - 484,1GniauyoZT90rHHlzVTnxxOrzGc9aT0cR,484
OP - 485,1epy38jBoSYK3vkRcQeaegfaROLvygQLk,485
OP - 486,1rr_NSJAynoKjrG4Pfi1cYaYxv9QXQ-NT,486
OP - 487,1zam16bFt_V8PnaXdrSWYyoagjTOR2q9B,487
OP - 488,1Zbta3UatMW2iy0xz4pjMB28L9RtbOkYh,488
OP - 489,1jUW5woOGvLBGiwDF24Csn23BG654MXjN,489
OP - 490,1T8oXeo7ZPWcuvu6Npr3Yg2J5R9DnwLGo,490
OP - 491,1gn4RoJ3ic7tYjN-Cz1Wmm6zS7yQNnIjs,491
OP - 492,10XWfpustJ-zH1qBcZbD39yjfmx5hPtAW,492
OP - 493,1XTtskpCeur1BEC2HmkBM8ziXzm0D7aMo,493
OP - 494,1I-SzIyTcOYop8-XQ0MICnnrpamJt3L1B,494
OP - 495,1CiUqwNEk770NtGYbcjrb8QnETh1kYFX9,495
OP - 496,1JCBtuC-mocAOlWnPqUIERkJOYZzHCWrL,496
OP - 497,18YKHgQ6yPbSmn4h8RdCNZNETG0F8xoiu,497
OP - 498,178Y0Ps3g2hMu7YaVreOHf13MrZ5PtRmv,498
OP - 499,1VBYKCFfFrjFT0JimyqheTMiyVcfE2nV3,499
OP - 500,12AQvEJg6qBjLIgJaqHkGmWHTqCO4ETvx,500
OP - 501,1N-MiH6YfLnfInniXAjKzFJOeuqi04c-3,501
OP - 502,1tyeJSZ6f1o-YynkrVpnXGxq61iZBNV8K,502
OP - 503,1Njcv_soMIecX1tI6blfPjwyRgUydyB_x,503
OP - 504,1qyxlx4PVHF0ktntbgKWh2wK46o-B0yUS,504
OP - 505,1AWUg9xLTvD6_NVu6WfdNcGBZxgjZY5zg,505
OP - 506,16mPOGwc_RCR0Rn0oCDleW0bzgtgeelz7,506
OP - 507,1ta_j5hXSXu81tIF72FjSxo4HYnHqTxJ0,507
OP - 508,1cnBvIHFKiSNlh0IbVfe_dKrtOYeV8-Lo,508
OP - 509,1G6RylAhxsyfJUiwrZJBf-MzQE8LdHpFB,509
OP - 510,1t9N0wzaoZJH-567aTkrzRWnKsRO89XQ-,510
OP - 511,1-Cew0_6YzrPMHOU-b5ozoYK-0XBMrjwH,511
OP - 512,1vImh8phnnwJgaDkhl8dl8fyDfZU6b9UL,512
OP - 513,1WRD3t570G6KHspWgAU5xVr2G-tZr1m7P,513
OP - 514,1LIYxiYoQSOJ3ybWh4iYkQzMM0z3nFh4a,514
OP - 515,1HTGPiT0y0LwTIL1DBKb6vvS3KX5179hv,515
OP - 516,1wy7yOMqZ2bXQ9_AfvbnIIbHE1KcRgAGc,516
OP - 517,1b7CZRGyoLRQNIDwyP3gsjRLUOAM9KCg0,517
OP - 518,16zOEIjOD4UvD-sNu1cAk3JEWIuul50hF,518
OP - 519,1FjDR62dJqEShVq013nEfrfPTJzRwWwHc,519
OP - 520,134nAnEwH-O1Qrc41mE3uHKJzONWHnSOe,520
OP - 521,13ZkF2xNS9dw3_tqxbGtkZQewuP8P_Twt,521
OP - 522,1W85ODSnAiNxwCdHRUkNVG7HRWe6TuXuP,522
OP - 523,1xnRrQLp89S1TUKwA_90FwPZyh_v7iJeO,523
OP - 524,1K7nR0SiBAq2IgIPEWBGa9ImsPWaGbr_e,524
OP - 525,1ZsovmgFsLRsDcGRVg8_u0jNnC_sWzBfk,525
OP - 526,1U8cFZ2rK6riYn7EdBmNBpLYjJFCNOVfi,526
OP - 527,1NNB3JmHq5jWAzKzx4WJHdKSX05NtvMac,527
OP - 528,1W1HIU73Ek4h0fpCwG5sGEUicO4JVFPc7,528
OP - 529,1zFVIOzp6avzJiCjgiuoDsMnRPhW9B9fc,529
OP - 530,113VLlsVRAc-hWVS_Aj8xvfqYWdv3R8W_,530
OP - 531,1STLEsuQOgxmytG9eSDVYC4v0pD0l85FH,531
OP - 532,1sJBrkCVlSMqVBmQjUrgaz3DpHxAtxfjJ,532
OP - 533,1Ip4ATWFzkgmiasqaieB2inV8_jFhe0NJ,533
OP - 534,1nhRPy5vLqwud09zBN5on7Sk3UrnwihiI,534
OP - 535,1vurBiSS_jbHrZjbX87qf-ygh_aCLtEXO,535
OP - 536,16IFbDLkBs7apBVkdbn4ofUk56M0X8TJj,536
OP - 537,1no7GhKaO9KrOCWrBXlLBiqFwe-j8_qJ6,537
OP - 538,1Dz1rEi0aWcTp_O-Usiqly2jYJ6rwYbO7,538
OP - 539,16shNpPScfsS6MRcpDK5VqlFEUMaxYLZW,539
OP - 540,1xj139XfmoWF6UFBkxHW5Minom-1Ms2XR,540
OP - 541,1-nadkzgDszE596IzsoZfd-qx_JwJvde_,541
OP - 542,1g3HyW19qLsE8MsrQ6MaRTbfptQE7cgoJ,542
OP - 543,1_JWSZWDOE8B21If_rXig2l2uu-R5hTQL,543
OP - 544,1Zp8vBtCkJIjcF4AaIN-UZPmUakUuZhQW,544
OP - 545,1QcelNy8olcwAm9NdkfAnYZxS1Y-eDLdR,545
OP - 546,1SJY1ilk-6XJUvE6VbpCvJRBg-Wrhe_QY,546
OP - 547,1r8DkbFezjV8I8X7_JwmC_JDXDZ8_jskZ,547
OP - 548,1wnz11Q0bkWy_t46t9h35HU9BizdzcNnW,548
OP - 549,1ACa-hf8sw5D0Eq6CpUks9f7Ft220gPJB,549
OP - 550,1rQybettqd6kexVXks0nUVwHlTgiqQnxt,550
OP - 551,19qBqO3X0fkZz_AtdVZr4-zdWiYoML2Zl,551
OP - 552,1Bze0GS7PqDRnreRKkRSpk1P1h2lv67Gw,552
OP - 553,12TY13PbTQqgM1m0DQdcn_w6bDEGAwRIC,553
OP - 554,1X7195iUI5X7Ri7J_ChY4XUjo_DJd8CZ1,554
OP - 555,11t_OxZS1SjIt5-qKgs0Pc-qhCnyPz52p,555
OP - 556,1WvbpjW8ls1CTzoJ6qeKA2MfPzkjHIcF-,556
OP - 557,1UEVLSt4_l5PnGfbaLfl8utQc4fua2PXC,557
OP - 558,1UdrrS9c6DeXfqueS6KzAGFfA1jzr7Chn,558
OP - 559,10V4IvDu_WDWcrmE8CGJXqnmt-WMugPgd,559
OP - 560,1UMCmyWzhqmA09CqKOdF_lDAXTU7C83-P,560
OP - 561,1w-aOWfTdzqaDxjBA0_egJ_daGsb3yV0_,561
OP - 562,1itEcYfuzQuIPbn-gmL8mnwhb4uivquK8,562
OP - 563,1opxw1uRujozwqH8_ciHjG_C31tKxECrJ,563
OP - 564,1r44qDz103leQEiXc4THOv0S2BnS1Qdj7,564
OP - 565,11C3hLb7CyGPKZeLqSfOMutqfRrtPD_ZJ,565
OP - 566,1mKF-r13OJy6cBBBjNgN8bJ4WDPMz1hUa,566
OP - 567,10VN3bdpBfSArmjbD_dUOmbr08NJOZ380,567
OP - 568,1R7Al_zjJM6ZfYiL-91XP1DfBF-HT1njD,568
OP - 569,1yJw8Hm6U5rpTdAU8ZeV0lgtY-Ajqo4lR,569
OP - 570,181r72U8txbm8A6AityYIRFaKkElluIWM,570
OP - 571,1eAHTwHpFOYrKsZsGQDOWUh5tdf-HbfXF,571
OP - 572,1ZYNCF8zVRyMl-SHW_EAm98MJRKM_5y0S,572
OP - 573,1pScPSykGXuhjgY-_gpWdOLpfv26Uviiq,573
OP - 574,164RbFQGxZ9r7g0WzV9L6NCLA0bSl1bQ2,574
OP - 575,1KewUM54jgCpII_Q6_QSOqAU-ce4e6_0M,575
OP - 576,1fUBEbIOzyz1TZji4fbySnPuKVkC8fgh1,576
OP - 577,1blzRyaRAxLS4gQWeu2rc4KZPGGMJqtPm,577
OP - 578,139YYv2W4zAuewEe6NnD-0D4lTNrfPsFX,578
OP - 579,1mWhEpOFj7C8HOzYSRhNwfOI13gNyDZpI,579
OP - 580,1eyIiJ7_ZzV8knDD49YixIQ2mwyMnmUpK,580
OP - 581,1JvhTIDv9UvHzFzvX1hKCajjgLswrdpyZ,581
OP - 582,1884iZNhumlvCTfLHem-lZi2brveLXyvE,582
OP - 583,1eWSqV12X_cW2MxbDolGiWbsGHgV2pMED,583
OP - 584,1i4xsR5w8cAqwT_7DAJ6M7V7WxTc-QIs_,584
OP - 585,12crVKIZWu7Hi5VxBKKst5dbse5kJithP,585
OP - 586,1qvigZIu81CyHwkN3twr16QYTz_oDg5MG,586
OP - 587,161lV70hfvDf_GBx6tFzlh8cVxdpRB3AT,587
OP - 588,1jDCF_FDzp7G1oHwfDZPNNXVVyvPzC65v,588
OP - 589,1JJF-IyHV8ecW0lsd81naC5rG_VC5jtoT,589
OP - 591,1ESEMLjr_bt_VF9KvEi9moZd-hTASnoBZ,591
OP - 592,1NbJ6_S3wEZS3xkaLxx1ibqwreojrX_O-,592
OP - 593,1hmFSeAP5_xTt1lHXIZpqsjhJtY-IE_Z9,593
OP - 594,1ypI-1NVkwxHgovcwr02WfOxOwV4R3HSJ,594
OP - 595,1JEp3NqdGOOZXlDoi_HObkm-_kL3LgIww,595
OP - 596,1JfH7-IeBIK0aEw3X3u51R8v5AdEQ67RK,596
OP - 597,1nz43SEBd4fkWR9KwYTJr6gqhbZT0kHas,597
OP - 598,1rN-D8fAdGLJHJ8GV2sTYxoRHRWs04Uqg,598
OP - 599,1884YLGmLd08uXzhoe-ratexrtWdL5fgL,599
OP - 600,17DrVAgfq0viSomc53QyZpxQ92jo4MXAq,600
OP - 601,1Lwn0uX7WdnceSF8rpFFasydYj-9Kaxfs,601
OP - 602,1jzRVWrTF7DK2EIOSHOW-sErbDkakjKJO,602
OP - 603,1p-MO7x99VUteAV8ElimWaqHkefaXJ3xz,603
OP - 604,1f4pbgNN9Nllxhb8mbMykZK1F-s0LzMZS,604
OP - 605,109SZIPSD_NfWvzhfksRJ99gR28fqQkqv,605
OP - 606,1mShFMrBtrIjMOWh_XSXDNFqn3Vq_ZIuY,606
OP - 607,1qfCnWw0-ADXGy5BKuiHm_X4LDfKh4Y74,607
OP - 608,1ilcDKGRRzzgDmWXieH0sSIYwCL_CquFd,608
OP - 609,15Tl7cME7gS5gx0PuO1neTW-Otk6HfcQF,609
OP - 610,1MhDWvd41G__mMRJKKsulxFvA9s69G-g_,610
OP - 611,18boNLWHhyIcj-Q3MZImAHEW0g3dxOP5F,611
OP - 612,1VwvvP2E6Vg2BbfJsKdbgPQVvE2o7q5HO,612
OP - 613,1v5iSw1sWHXJ_2YddxNcLCy3mgDHLpu4i,613
OP - 614,12ThJPfSgooNnstL8Qd1mnxXZo8bwqPdr,614
OP - 615,1M9aYOgqg_-eTljLLKHA6qtXw5WH5KlGx,615
OP - 616,1NoYTg75-x6V-ABgwwLsjrat7d9-1CITU,616
OP - 617,1YFDro7wKsKqfh4R5HWrnCedUW0Iyckp-,617
OP - 618,1uKcR40k5xPXSVhUfJzf-6v6P1YnrTqxp,618
OP - 619,1wTuUbXPvu1GtVZrh8XKDWpetm9AZCkdc,619
OP - 620,1ok-rWZrgoQEdaFSE5180LIADmeXIBeOT,620
OP - 621,1O-uUNhZb2TzX2PHhKiAfWcAyxErgCMb4,621
OP - 622,1u4OEjC8ntLydsXJ8cJGykY9KszrQXZbR,622
OP - 623,19kVqZQ36tSfQrGtXregOpPY-AIbHV_aE,623
OP - 624,14M4jlH291oS_J3djAi99CMVA1TDYYxo9,624
OP - 625,1cdDckxKpVHzC6XkzBzpPMPP4bsjqoXRA,625
OP - 626,1jlPO8lUmZtCcP6faMexwz8Qn1NsxCRVJ,626
OP - 627,1qptJRXQ-5SQrZXJU1eL9U6QlVNcnE3GD,627
OP - 628,1vCoAsQryC-mK-WB-_5JUHpG7WIRv6nIo,628
OP - 629,1Pdv046ZkQfDSOOWa09-y0LgN0mhR0x5p,629
OP - 630,1Uo9zbJuUY1s1OeBZ7YVZTrGsm1RH5zQr,630
OP - 631,1-d8BZ-vzG6ZhHcFOnN_ZfC7k2cDtlF5y,631
OP - 632,11oZf1ih2ckHONShonLndSuKk39H90_nA,632
OP - 633,17XGdWJjrW-PC6IajRQP9h1GWRjRhgbru,633
OP - 634,1NhJqhErYc-enNedzepYgV1zJLwZykd1V,634
OP - 635,1Z_E-xfshTVbJ2YjWQJGb0e1kI2zj8AcB,635
OP - 636,14clwACgmhK1jdczi3BnFtyKxkvKlZeY1,636
OP - 637,1Bx8Jm2vtZtODvakatcqw8ufU861fxyG3,637
OP - 638,1V44u57HOCp2EBYELo_WG13IxEMp5EkLK,638
OP - 639,1rtyrqI5NF2toWeaExaRUFZ7kBgurJZIn,639
OP - 640,1Rwg_PxsvxO6sdK6ALLCCI1pkcTukjXaQ,640
OP - 641,1SPT5KJk5kgpMyWoUvLMKt_uxHFh67dJS,641
OP - 642,1mg147BYEbC-hytrlgIS6en1ABEorw-_A,642
OP - 643,1U0N_MS6Sy2SaNOyVokQnSDLCSzid2f_T,643
OP - 644,1YmXayNShlkcEng8WVlZYgthfjDUU3EON,644
OP - 645,1SKkM-lKFx9ZSFJ2oVGxHrsbj0QNgBn7D,645
OP - 646,1Eb1iyGNyRiBElm_MQeussAsbEa_mGUma,646
OP - 647,1OngXLECkn9DtKrXyHcLzpnrW_csj5cLb,647
OP - 648,1QpIC71NPtUeZD9L7SZQzXohseg3RaAX3,648
OP - 649,1haFClSqyeql3He-4TpwxdlZBpWAF7TaV,649
OP - 650,1Dm1iXBsgS0l-8WzNWTPOzfE23cTYyVkF,650
OP - 651,1LLkqdcDDYM_1CBQXX_dT7Od6Dv_HUm2w,651
OP - 652,1v-ERYCWYfKNt9fJJdRiiNq_73JUwNrzj,652
OP - 653,12BUW8hoO0G1TFO4ouM19IuWMHQm95sFC,653
OP - 654,1ZuxGhoUJGpfnq-fs2mjkblFq4Zal3Hnr,654
OP - 655,1gQeVzYsXenQTm78BV2_LUd5jQZrPCpek,655
OP - 656,1lJCbQcFAlNZqYspCytjtFW9Expz1eU2P,656
OP - 657,1OE0T8BmPJpMPdu-OHlIeWoRDe66LlDlW,657
OP - 658,1rbGytoh7oO6vwLPQ5sofHX_5F4-5aQ-i,658
OP - 659,1JmHOKGXuBOCsqu9HpDwlcexc7qUZBu_K,659
OP - 660,1jAo7W0c1yblb_h-muZz0hp96E5_urYcu,660
OP - 661,1sgs2kFdWTun8O0zTIS_36hdr9cw80Zzk,661
OP - 662,1ygCIVlKdyYD-O-dlDOPTQy20v9iolHLu,662
OP - 663,1h61lnR6Xd3Ti5LJA64QYwyCK5cgf4YNe,663
OP - 664,1eHxw8ec53Sn7UsSdJ0nJ2P61pEIxIu13,664
OP - 665,1niSxIIgrxvuI60DsYjfNYEHTvY5e2ktM,665
OP - 666,1SXLR4sfgdD4nD7TxVbXMVTdO8qVA-2lW,666
OP - 667,1hd8WPJMZyDeCxsR4D8ifEnDNGvzE68c-,667
OP - 668,10fk-R7-lEBAFRChiO5q361uxP-QkHAWh,668
OP - 669,1v1LlKUO6HnUJo4LMmFQo3pcJE9jIZ8v7,669
OP - 670,17_k-1SGABjeGU-XZanUZUkySi2gekqZQ,670
OP - 671,1nogeuTsFSbFRU0A2JFNxiV5TpUKI5CNZ,671
OP - 672,1XIE2h-E4eHuMhQjD8TDFFWUAmKb92UZb,672
OP - 673,1LImD0i9quRGrjnxl7waFOupuezmkVhgT,673
OP - 674,1gwoinzYxQnVIXKDTom6xQaB4LXhxQLw5,674
OP - 675,1jsuRH_XPnUMI7WeI9xHZmK-iEoFP04IN,675
OP - 676,1RqSE2zHlW664pVhXpvosb5G0e4aT2YKA,676
OP - 677,1R8q_xiR_5Ln8PxBLsVxNhGXm-OgZjm-f,677
OP - 678,1e7H2VFfxjfAabgvQ1dmFdAbWyXOrExtq,678
OP - 679,1iacozllN3RvrXQqLR1zFzg4833bB0nkW,679
OP - 680,1bBhbnDkHV8hc17eEZkiyxO9H131EeUTq,680
OP - 681,1em2u20NxdBVDTl_Spj8oaLnDgpNTeoj7,681
OP - 682,1UXxwLXyMV1SmeDMleugr685Q053kvpTr,682
OP - 683,1neit4U_fjW5Oablwlm6_yp8b5Omm90EI,683
OP - 684,1JHawd8PVVwQP4kovDn0dIjo9QtEIb_Sa,684
OP - 685,1ll7nywIEDfWsfZuHYUoE1UyDj7NwoeKt,685
OP - 686,1FxNt7R2l3kYV8AtghnifZ_QVNRlUE7HV,686
OP - 687,1AXKlvg_NAhY3MT9FTGP_Z8dpU3dcaoRG,687
OP - 688,11E8qra99ZROACGAou-qUL4MUtIhiJqdl,688
OP - 689,1OlfpmLVHNZLntU7jd2WN_zXyVflV-bEc,689
OP - 690,1gOaX3srztKPseuIUK2afLpSzO8jBW3ep,690
OP - 691,1IHM-8m_7s-zLJRdBpDfF5AUjb7QKH1PV,691
OP - 692,18ndkHriPQ9gtoiDnVxjjkSPtqZg41bf1,692
OP - 693,16BvQN3VqEdQCbCgzA0gNq4KnjfblcgNJ,693
OP - 694,1DYxQ21e46VDK-mhrIujEVWKTP_8MwSdZ,694
OP - 695,1ZMKg4AFIm0JH9maoeGS6XwQooykUWK1v,695
OP - 696,1QCzB9_-VeeVgUAd9R-wws4GAXSDO9y15,696
OP - 697,1FSGXotgrWE1F0LK5N8jPN6L859Ns9zYd,697
OP - 698,1-5oYd8_0dNeOgqaVW6Yp9HEG-kqauQKo,698
OP - 699,1zXp0P1Uo2clYdnXdo4KqbkcgldMjpECw,699
OP - 700,14X5u8X5yNTg9rPsC4HCp_hQuNs4BWxX-,700
OP - 701,1ZwUXjikU7C-97dhGz7Jc1Agp3ytBtNag,701
OP - 702,13odptbSK6MvyYGhk-l9LtAMX3Q-HUACK,702
OP - 703,1483lQ1Vw6RkXwa0LEYTUAJhqNTtM9vw-,703
OP - 704,1wYA__RhccID2tPtDWBT7r0IgC7vLiobK,704
OP - 705,1iN5RfGlQd4bOkMQY7X5tSFAoIc7Fm2lO,705
OP - 706,1DFhaCphoslKHS42zae8MDmghrfU0mOc1,706
OP - 707,1-kQSCUj71AdUBTaFgw4v8kTyO_z1TjAe,707
OP - 708,19CSeCNTG8IPFdeUmOcb_pqVJmYm-0Txu,708
OP - 709,1wi419mRDJAitmmMb91JVOQj94sWLE6bd,709
OP - 710,1WzPEiAp2IsglnQU_pT4sjqpT9KwbSOMp,710
OP - 711,1o-OcpFgRSYHR_VOlJQZsPTgOr4r9QNyO,711
OP - 712,1TQJRdvxSqojN4KBjWtkb0LIrQLSHnvtt,712
OP - 713,1c3Ih0foE3CMbzhQ5S3gzRZFKla5LqYyB,713
OP - 714,10b2ISnRylwChxxA4oyQ-1NwRiYuQlhrj,714
OP - 715,1cKdf6k9GUKRMOI8Nm2__1FqgT0IBPsPv,715
OP - 716,1lZYrbfiAyGaz3BKTiQ2bQB1lnx8GKLTk,716
OP - 717,1OC_eg4-T39eFgXel2FamQP1Mi31FLwOa,717
OP - 718,1cYVSlV71BKPlKKLiyR0RFEeY1OBqVL5V,718
OP - 719,1P2lQudVipbBkeWvWzG9yqTa639Gc1hCl,719
OP - 720,1iipicZIHrDnd98KVXYk33y9YRkNR-BRg,720
OP - 721,1cc1uiK7ppQngQXcqYWv7W-6Zd0xs2udd,721
OP - 722,1qSLn6gl7sgOUo4XpsCrNc_qIOoX5zhev,722
OP - 723,1y-9Hnl16CezJRhzmwHFfhn6icBy_bNxf,723
OP - 724,18TQop4uJPN5-eVPI7kas90JQIUwb4Oab,724
OP - 725,1fSvH7Ha757dbSYDepI2SPDh2X5ohwr-7,725
OP - 726,1Qs_rylFAYYjBwzTGfkWdVpi1j9U24-4w,726
OP - 727,1VXjx1rXx6KeMNKjyXtRX0MpFRrCuYvqa,727
OP - 728,162tWQMZHsuMqZ2s5TV4UxED3oJ0LZdpe,728
OP - 729,1UnqOsu_IKawetJaglRJIaZVRxTrHU_6M,729
OP - 730,1NWm4SnkRZu--vQzFdD6FkthJyb-8q4jL,730
OP - 731,1qxAjqcDS1TmMd-e63jx_pPtY5LPSWRF7,731
OP - 732,1JEt3r2HVqEKOQfjBYr9Rp7q1VUimfps1,732
OP - 733,1QhRCk9mVbefhkCLyqOH9ayHFzLmPFYET,733
OP - 734,1wJMPmscKCHIC5AbfKVGISwAZ2FEvAQ70,734
OP - 735,1vSSmhVhO_f2L1KI9HxlxT5mEH5K_RimC,735
OP - 736,1XycIoOQIngTTP05Tw_pamHRkM1G0zRFY,736
OP - 737,17ZW66g5U_a--mwYtGmucXOueR4s8c1DR,737
OP - 738,1zfOX1kxvm49bs9g8EPH79ftCYBvATg5h,738
OP - 739,1CcE5FjQQ3F4DSUHvAlxZy3bHygc1ECPc,739
OP - 740,1AEfYkSRYOiJIXVyyvqguiwk5vpC8msEj,740
OP - 741,1ntQyC_0JozWqoD5PAPbm_Cq3xR20nXX2,741
OP - 742,1uk3X8h6-NokPWm9Tlm_CjOkL4jzdx8Vl,742
OP - 743,1anaGikLXEQAX-6WtZ_TqWdjemv8EfBPf,743
OP - 744,1LSYq73oTYYRjTXRyo3i5afkU7-xoOt9X,744
OP - 745,1V0omkgHHoYr_tISECM2P8_0ljUo6gXs9,745
OP - 746,1CeWio6Wm5CSs30KhpgSMaK1-Ag7go39E,746
OP - 747,11V2MYCRRsdkbMp156C5l3QYYbq_wfMIT,747
OP - 748,11Pv8lMGilJQK3xw8_0iC0KZIo_h92OdG,748
OP - 749,11P3vQXMOlnOE7NRTR7BwYJsBid8bVseq,749
OP - 750,11FiKuVOYVjhnLEK-63E0Jj0TJxZiLrdB,750
OP - 751,1-142ea7KpSd3ujvo49kDgFDH1MjgS5M6,751
OP - 752,1-1BK3GkI0ySKD6Tr8UfVGJKqZftZZAwf,752
OP - 753,1-2vz89ACkTO0kBB14BkxwCvfZ8Z1he8T,753
OP - 754,1-3xYxXoo4KUteH8rkgABmsDNuvJnVYuB,754
OP - 755,1-5-wxl_swZY9joZ6qNjW1vUiqX1L62Oq,755
OP - 756,1-6afH5wnzsF1sV-SFsS-CT-I-1hhLhiz,756
OP - 757,1-8TEh8rcnHkW-C1aTxvllL56bEMoUOga,757
OP - 758,1-9UQjDxeWwm7IRZ2qeE55bIrcOrFda9w,758
OP - 759,1-EUEoqml1dHyzWQzOyNhq3Rr_r82z58x,759
OP - 760,1-Hy_pzixSgZO4vyafEe4y7-6k-vLQXcB,760
OP - 761,1-O4T_Z5Xje6eI86aXL2RxbPLXYslaCoP,761
OP - 762,1-PfQNxKppM7uEaHR1yJXRd47UOYsIb-q,762
OP - 763,1-PsDvayWT2-BRg6FtYBnDn3qc78YCiXH,763
OP - 764,1-REGCWJcDa5xQMWcWx3JPeWt9HGv3Ugo,764
OP - 765,11V_xcDFrcBFD1RCzE_IN9P20ZyyytGkK,765
OP - 766,1-RZrxVZITEKJX3fdHBfuyQyd-z43ylt1,766
OP - 767,1-SSIdr8KcvVHo1iw3CJUQePu-Gza6YE9,767
OP - 768,1-a6mHwqTnw1EoeBvjQZO90GAHjUzmmKH,768
OP - 769,1-chxDet56IyK1wZcMRQrUOsfUqxsDuMj,769
OP - 770,1-e1heBtSEo4Y6R_lQLDD4weCuQq8GR2q,770
OP - 771,1-eGr2K6-4ZR7nMK6xBjjCXEyGfW3w2RG,771
OP - 772,1-gRAU95SGJfUPo1w4nKeSVtK81icMiRx,772
OP - 773,1-hTUZ2ZcPnRE0R4vUyOIseSLC_gaQxD_,773
OP - 774,1-rFZOaYJGmKKhhUcoFwIifr4cI6L25d-,774
OP - 775,1-t-0q7dN_K8dUH0Z5FUCfogtZc1GNAjP,775
OP - 776,1-vnxIw7g7Yx_BR1uO067DtKPLRAO66DG,776
OP - 777,10AnjrPu6d3iDXR5w3vrztoDRugHvMNlJ,777
OP - 778,10CKlR9r0SwUPbQDKAoqpGRNsCY28Xh7M,778
OP - 779,10EH5KZ5e-wIBKGq4DiUZU5haiHrMi6kx,779
OP - 783,10GQb6lhvFvKrfA-LcknbyYmPbqg2LmJ0,783
OP - 784,10HQ7V20aP2PcdYVvHMqnWAkRLAPh7YwK,784
OP - 785,10I8rHh_a5v171XLyoWcCRi4zDCNXa4IM,785
OP - 786,10aAALyMDN4K6ojYCy3lp3K4xA_PQOQRM,786
OP - 787,10cFyp2aPQ8h5SZQB2Ie3C6dVQq1ny3Eq,787
OP - 788,10hRxv0FSLi9f7wYi8Mp548lQJSAY2dow,788
OP - 789,10hY6F-t2zG3-uq4FsV9FNZLMyFAPlazf,789
OP - 790,11aL6wRlurupWd7P0FMms5eaurr4gb_MC,790
OP - 791,1Dh2KTbRF2zfWw4cZ3zHYsnPknz8d8III,791
OP - 792,11eWonxW3rzrYgjUV7i4L9cAPslcr_lyG,792
OP - 793,11zyLu0LNCl1twdiD6Oo_oWHhwH6JArIu,793
OP - 794,11nhQW-1Ar0vSrioIsem77-uZVnrveV2A,794
OP - 795,11rf4Ow8GkvITciqJrkE72zzm176rmlXg,795
OP - 796,11t1rRZoLgna7fiIiOpiXs-mp_84oI8xh,796
OP - 797,11t5o7Gu5pZ2yjIm1yboILepgQHh4OGF2,797
OP - 798,11vNOqWdo-vRKXAWKRCbAUiCLGSGLQJ3P,798
OP - 799,11wq9UYJ5j5wMcy4QwA87ustVvjiWS8Yn,799
OP - 800,11_l06BVg5L-2p5pRFaHSADyLCZf71M4T,800
OP - 801,1A3hG5M3sBfCz4xZd2iRVHOkqIVr8S4fT,801
OP - 802,1sYeVhzC6hWl1_BH1Io7yp8HOnWbfBDoS,802
OP - 803,18G5GJS9sKVmxXcVk1I9PYumsZ3gvgg5W,803
OP - 804,1RZUcvStWaWgRG36y1T-tqlXdqR1zCzGq,804
OP - 805,1-2qkAYoDbtocvwVCP3oFOtVus32t7uQ3,805
OP - 806,1EID0RPDNX0Z0z0HtArk-XNDTJmJyS3o2,806
OP - 807,1C-LO-tEnIbOkOTm1d-QEoH4Hoxcn5iIA,807
OP - 808,18X1hI6Jy9W7W7wltEcI079ppVcZDSCUm,808
OP - 809,1czvdlBVHRSX3s4n4hhuBQ-ZTeEvJV1Iq,809
OP - 810,18ALIr-5-CK2Ha14ffB7KiL5FWh3nswR4,810
OP - 811,126uwnZgQ9HW2t8a8j-arLlEMa4cQxaWp,811
OP - 812,1iMFHY9AdVWd3UCt4Fz5HmbdCgxal-xAW,812
OP - 813,1CXfz1euXauSuCmbIO1tjeb06wK-zYGEV,813
OP - 814,1igGC0fI3FjPmAfjOz5ZG4eHvE8hGdn_F,814
OP - 815,1N0ypbpRpdtzxT-PSp99q0gmub1I-WQmr,815
OP - 816,1ppDh6XoDDUXeAsMzXRRrDypcugf8MQPA,816
OP - 817,1zRgh4Eoa9Tn45RP41GrB2YzXu6sl5wzg,817
OP - 818,19enlEAwkjUZsih-EKHXYJgRiabj7scgX,818
OP - 819,1nk5fpaSKQMiPqlslLXYKrcAALB0kI1VZ,819
OP - 820,19spQb7EssksNTBoHk_hV1PTwVX-phzRl,820
OP - 821,15GEVfhCc9GRbg_Y9KhCM8xXpZTjM8Qzo,821
OP - 822,1UMndS6cFdRECpiugBcjZq26v4K9n7AZ6,822
OP - 823,1_kjkyWuIj2iuEP9R7TkSYtJTzPHAMw0E,823
OP - 824,11bYSTczI8lHEYC-31mPuVOm_ep6N3-Sj,824
OP - 825,1Qkr1qWg5ZelQ2bUyU2cDC4sK7YOMQhkR,825
OP - 826,1yvuzVEFMhrTcnxvNT6HrofRwDTKLFHyf,826
OP - 827,1TfL8OYefu8PJbO-KCjJqciYCLP2xkX1t,827
OP - 828,1-LodlzX7VZKFYsliW56NU9dIoXXq_9cA,828
OP - 829,1Qj6DhuATq5kQpFi6D3oEryApFoWYqmul,829
OP - 830,1Xy22KL4eq0aW5FFhJjnl5HLO5Bs4QmHl,830
OP - 831,16rCQL8Eu-a7CzSnwTQOI2-zZsDVPd28y,831
OP - 832,19ZnOjEcz6I2mlAGjmSPn_zixgBs-U_h4,832
OP - 833,1KCULRuk7zs_hdWEOYiwseEQUtH11tmhr,833
OP - 834,1kpnDnYDtoIfBiYp--x0WuCEj2pSVqUkU,834
OP - 835,1ppGsj8joi8VBaDDaI8WsAByba2mmC-__,835
OP - 836,13oqLVs6uBePY5rICIet0V7-aMdmw_KVQ,836
OP - 837,16QYwBnYN2lP2o1JfJVmQ0ceez6H8cHF1,837
OP - 838,13v9wz-236y1jhX13ye9U3mBhKtetcPr9,838
OP - 839,1y_QaY5EMDN3N101l3yp20qMf0kTrU5CK,839
OP - 840,1fbkqO5r93KAA6MF9ZV4yCgMSPegUHRyu,840
OP - 841,1Q21Pu1VlZMW1VGcATVjRCoFXyM9hkpKj,841
OP - 842,1WzAhs1eG-po87150UFTzznlI4oAcc-0e,842
OP - 843,1AegAWsa0CCVWdytbiQFW3djPCI4-chVl,843
OP - 844,1wvn8TpjJ8VbLnQZXd9FdPB-jBOVkF_99,844
OP - 845,1vH2y69-K_KXy-QxbWAD5qjfAylYKdHii,845
OP - 846,1imW7H9pFdS-uG5NlGHZMF-_kCSnqV-r6,846
OP - 847,1NLUzHcqM_rRQtUXI7hZGtjS7MicqQkeS,847
OP - 848,1JG-APPrX7xN21QfyIIGx8c-rmVRWCs1q,848
OP - 849,1ulPWDfIE1c4TBKn6On10VSBzbBrHB6cY,849
OP - 850,15Q04s1M1I9RdM3SiWIzpRYfvaps4WiD-,850
OP - 851,19oq7KWRPOKk4MbClwznYKtmYPB910YtH,851
OP - 852,1n0f16C0PgK0fjWxVs4aumkgwCmd77LQK,852
OP - 853,1WEiGOBJMpgx7Iv7uRTnPDJ9pCWFKYvmh,853
OP - 854,1ZTXlD_39zS3BTB0lszNfOKbHdExalz29,854
OP - 855,1Yw3gJoj7nDVeGaUfcpWy8XTy0clHc7ZA,855
OP - 856,1eTKV4agYIjwWXFR9gjjDLRq4YrMR2FVv,856
OP - 857,1w4UZ3MHaFtE30k8_neRI6mShDGcKHFhf,857
OP - 858,1T91_XWF3Angei3du0dgJTObl4locwuUs,858
OP - 859,1j20Mw286Qu-4UbTd1uUR9kz4mqvYKzkj,859
OP - 860,1lFySZdOy6Z29xFD8a36lRotZ90j-n-uq,860
OP - 861,1ARahsP2nYixvmLHuDXGvvjLh6kvSrzHP,861
OP - 862,1LNcGLQXOsG2Y0Je5gf7kAF-MZNXTWhn9,862
OP - 863,1XCjGer1yS-yEJVzRz98aWfZtqgyvFcFD,863
OP - 864,1mg6BEc_e-CrIufSxi1bWWr4fGYiedBD7,864
OP - 865,1epJHuRCMoNkZzuLXXXHX3AthFx5lQreM,865
OP - 866,12P05Dx7cc9bRutbvAcRkfDUZBv8uVzgR,866
OP - 867,1RYv4-zzZdC6GdzwNolslDxUBf7z6Plyg,867
OP - 868,1bc98tTgRur3qybsjWsyogqkr1EaMzAAt,868
OP - 869,1Fy2pnJKIZx7wJa9mzYUjaezPH8RKIpXw,869
OP - 870,1UzYm1cGGYSlhv0Wi7pFfq7ky5CUkwkw4,870
OP - 871,1M5WTEyGD5MTk3QIaWkrBLDFrT9QjlRtn,871
OP - 872,1fso371CIhXF-M-mEU_XFjaVBRH7cyn74,872
OP - 873,1Ku8_8mwIZVqc5bh3GfMJsVGaA2x4sc4E,873
OP - 874,1dSj13Zc5tOeKiKra40mXdFrfiO_L8OYg,874
OP - 875,1ZLEGoJh9wvNnkDyPwDSWwEIFmN-rZy3A,875
OP - 876,10cemWd1omqaOsfDkNMpTjAgdVhvGwJJI,876
OP - 877,1USe0bZwTnVRBmdoXQWnuqehSzHDUsyKK,877
OP - 878,1ad7WZ9o_X-ON5BI-dpifYSbdGrWKJw8h,878
OP - 879,1Va5Qqw7DU4-H-tQQzwIxZGwgspBwF8au,879
OP - 880,1byt4Sga6CTcTGmtljfYuzIJlnqVH_n0G,880
OP - 881,1iIbXSPtN1wyIzWGqBzWanPXEHjN6I_DI,881
OP - 882,1wDejHSDtwHD9CdRLFskAbizTRctsMQg4,882
OP - 883,1yk7UsUBpcRLnCZgasGvaq119POW0b5yE,883
OP - 884,1R3FGuW_veH8_spo8b4HRKqw_GsQvhwhc,884
OP - 885,1QbiaXtumtKl-PS8VKX_tCLflXb3mcUFP,885
OP - 886,1EMPdAIfPHDkjSd0UnrcWOQeDRzKhTJI8,886
OP - 887,1clcsRpe5yRPRkzCK_aeZbHwSjuFhMhny,887
OP - 888,18SBLyOdDI9C5C3UUE4IyEBOZ7UE_c6CL,888
OP - 889,1BVKl3uZ52-THzz2tz9AesUH6SMk9lYdp,889
OP - 890,1xoZ9oeUbYP1tpJYs2drqONnhFj9fhexW,890
OP - 891,1KxcvyPw27NwFCdGAWyzeGKELsrMEQZLg,891
OP - 892,1e6wUSDh-a4yV-x0ui1fTymSc_5-McpQd,892
OP - 893,1_WmCH7G0kmX0vmyxJLqm-zDZBP96eJ69,893
OP - 894,1SJVdNKTM_CqBudCNh6L33_3axuL0EIu1,894
OP - 895,1mvaVdtgUrBsyb_-xBxCr3RvMiyvhPvLv,895
OP - 896,1vMssz5RmVqmqxHrYlFfeRaFyw-jJpuGu,896
OP - 897,15F8Ww9cqNbe6tNl4avhVsGCzkqaWrS8G,897
OP - 898,1WDkXw5LJRLRz1bKjzChGh56YoApU6PlH,898
OP - 899,1FFAernGIxK4MbbW7Bvktu37JSC4Qh1Lt,899
OP - 900,1Zf0CUumPMTo3KAmVrfQTQmy6JWGgr3Ez,900
OP - 901,13mtnxkq4RlJMtqq7pGIv8fot-aZpcHbu,901
OP - 902,1bhtM--PWqEm-jfaRoNP-Z0QKxJJXZd_f,902
OP - 903,120HFIjivF8AkId3_Yd8Ba3xi_DLGF-W2,903
OP - 904,1OPu28vNvUtiG8mDYkjgmSemF7gEdgDW8,904
OP - 905,1Uxzl5wj_nFzZQjYTbIbRpipBij-9-_XW,905
OP - 906,14Pqon_X84qP0gziL1C6cyAoxAmxxyMRm,906
OP - 907,10pZgK7Dt9TluTZr2CyVAx3RydKmIcStG,907
OP - 908,1L2fkswXhSUQdlWpFxMzWWhTJk_kZL5vX,908
OP - 909,1n4v2TKMVU-qjj2PaGZCkMJkg2ziMV2fu,909
OP - 910,1Ugom7mHwFuGjb8D0xUtS0ADO6fEgdEPK,910
OP - 911,1KMuei1oDu3mCNBIBHd6quajj0xJBLOjc,911
OP - 912,1DXh7-dp9xb7o69JlkFnqLdY-9n5ExhfR,912
OP - 913,1tQUcqDQ4O70A_EaOhAyLxCkdsmqlDXKf,913
OP - 914,1uOyrcn0d9T2J6v--EDHGTYWPT8XdlY6e,914
OP - 915,1yovcOMdz2DfrjTzZB9Cn3j3HOP1Okhls,915
OP - 916,1ZGtd1t9_5Xzymwpf56hqZ3c_gcDOKg0e,916
OP - 917,1aZFAYwB1adeIW3f8dFnokqbtQY-3acpo,917
OP - 918,1tPax7sEBoDW-UknpLxjqYXLXFlbYz_fs,918
OP - 919,1urVJ16vmakNJNkC1cNetJiA-8CtUtrff,919
OP - 920,1-8J3z3E44Aso7WOgr7kEccbwqtICFuuq,920
OP - 921,1VwiihzLKMWnvKTzed7Q3zgnRcmHW0tvZ,921
OP - 922,12VKWiooBjjixHS38kynlyw5AGyv9G4r3,922
OP - 923,1ml0XzFZx7r2QhU5CrY2YvsZAZhkmGbfF,923
OP - 924,1i-rKWMj4YH6WPQhkwqhW5oihHEcVa-eO,924
OP - 925,1aMVobohTkw0Ry0zbJ0_8B8eHP7LaB8TP,925
OP - 926,16P5KC_5jl2QD4aGi0qfKUoEKe4hqmc44,926
OP - 927,1dhnTuaQqFWe_MUvr0WJBdwkaxRiCLZkE,927
OP - 928,1wb994dpWBvBMrgz8f29gHFLZLLjFIdY9,928
OP - 929,1CWKWfg2WRJgUZUPtIF5lQdY8rf_l0l8X,929
OP - 930,1JKRuKmHe4LszliR6g-pErN7PNFPgJ5zF,930
OP - 931,1Gg7fniZ9tRU3OK1jHwAnsp22_F7jjlpN,931
OP - 932,1dZ90Igp_gyLng5ROAXdMUCOLTh8vnd3l,932
OP - 933,1limSCIHmrOSgR8JM9XpFXUF6M7ScAiM9,933
OP - 934,1ag1FKBjcb2IgK5nc1mxgwzmbBORGZQRZ,934
OP - 935,106kqAiom7GrAibkBYHqkAs8R3SOkCXmw,935
OP - 936,1r540Ng2vVPgzc8198TAJ94diUr4jn4E3,936
OP - 937,1m5l3dks848301Wdm2dKj_wR-rWbe2YJ9,937
OP - 938,1ucd9GR1xMRJ_eXj5ADNNQtHfeXZAUYGp,938
OP - 939,1fUGPksVAmoMjiRNz7yninzTKBVZdEY_Y,939
OP - 940,1KM_iqEShWUWa6uUhJYVu2buzJrbBfJjA,940
OP - 941,1VyM8nfprSlQ0p7uwgwaF-Z-IgYtJJVe3,941
OP - 942,1VM1AwmTcyHTzPWQuh73luEr3s4va6K1D,942
OP - 943,1UQ1zso-wDHHoLI23DiXXMho39TkcpAVp,943
OP - 944,1hZEKClV7Kmc2VsBc_QJsvGTMLKkiSw1o,944
OP - 945,1y6xl2KqQi5MHn94eGSB4RbDTsnyIvSSD,945
OP - 946,1DbS7mb4b4LE7OtHOiQRJlDBQASKCOUQ6,946
OP - 947,1UYw94spy4CetRvg760dnGpLo4_WAFVi9,947
OP - 948,11U059cYpL9sbxUTf0RtsEt_HUXI8M-Pb,948
OP - 949,1yNQEDa1d8iRsey60doJUhojRyonzB6lO,949
OP - 950,1dxqAZRTp5vvZ4L-hujh6oQl5lm4H3xnt,950
OP - 951,1YbK0zMkA0FG1eQVim9v3cnzqYZeCENJa,951
OP - 952,1WZy1ZGZo3woTTWvCx70qR8sY83JXeNWV,952
OP - 953,1DDAMjmiAXd2DoYSpElrRknRwavUMPGZW,953
OP - 954,1fpOh4haUU546E6mTJmLh4XdB5ltTlkuD,954
OP - 955,1-n-Em1Yc_Crh8ziigjm0ICMKqhimA2BI,955
OP - 956,1ATFwyYfJNZaklvonP1reyoLOiLLvc8Xh,956
OP - 957,1WvtrU9nh7VPyJ3m6FhVe24NyY02xBZQs,957
OP - 958,1m5ateKap9Z78tYMRJM33cSAHGE18qiUj,958
OP - 959,1CsxLusTucOo9eXWARWbkjXwXCWcOd5P7,959
OP - 960,1ndnhiLytUsbhH2tElKb8ToD6gTu4g8uA,960
OP - 961,18MZ55nG1sWcVJ2itS_JnmsRX84gnK17C,961
OP - 962,1dxb5CV1RF2mlY46tPrfgXW6vv-aJKh3k,962
OP - 963,1x9oKGj9RYZtzwxEKYeeFy8sFxsh86i8v,963
OP - 964,1H9q8dkd3NMD38EBFa4D-6deUpWuJ1aoE,964
OP - 965,1ezvvKbSgNfOSujHM3hXGFM8JJCgJs18B,965
OP - 966,1LZzrS6qmoZbUlKGkCfg2oql76cDe0L_i,966
OP - 967,1JF7XNfL_Swi80oMHkNAGxluupnGgZScP,967
OP - 968,1sw4gGyCjORdV_s3cT7N1bPYvR8B3NXBM,968
OP - 969,13RbbPTnyTHygPeqP_ZtkAnv1FhAG_Lmp,969
OP - 970,1eKDFtexFw1w9PaEUreqzWA5miDvgukEo,970
OP - 971,1uyPxXnebtdtXRuRyCy_kau4bF2jh2TAC,971
OP - 972,1O781nRaBH0lNm_3l6aFnddfxoM7y41eX,972
OP - 973,1h1C-WgffcBprRQzWYPK5g4luxKUwG8YR,973
OP - 974,1v3obTp5vdJ5zWbNdqHcoFn4JEhLJL57z,974
OP - 975,1T59rYyFGMIjnYeo6vnU2_dMqCmpy1eHo,975
OP - 976,1iEuNRAwKBknriQbt2iXHNNeHuuLfhhb1,976
OP - 977,1TPxhNZS-mM7Tmx8H-q0iUu_o2XWwbebo,977
OP - 978,13dMpFLH72fOAr1lzYZdDjw6mtqiKJ0V4,978
OP - 979,111G4FFq_fsZqFctq_Pnku289JQt6LLiO,979
OP - 980,1zXdTwhnv-f0OBQXc95eX7ulgTl_Hn9kQ,980
OP - 981,1jipN7AXcm5VpsI9CSYg-Ovh2mC7aub0Y,981
OP - 982,1ZmTd2UgNWG2SmSc99rwzuMJ0q9yDrqk7,982
OP - 983,1DfKNNXKK68o5BIfTW5fpqA3XXVdKg2Au,983
OP - 984,1dg9sGIme-hmvnG5VTzQklqEqBEXMglzC,984
OP - 985,1LgK4q2MLMBjA2sdiS_-XMZBbw41flrhn,985
OP - 986,1HALnWzgEjgg8ePc2omiIt9yQG-iEz11l,986
OP - 987,10MgTQAKF1XO4X1yLiV4JYiFRp-mib3L9,987
OP - 988,1xY-vJ9mf1inZTedLF6vjrcbf1gvhoTAW,988
OP - 989,1lH6B1ThSy7k7UXbTtJxqkfv-VZtkQXjz,989
OP - 990,1SjveEM1W_BvgzPFmJxcFN_odmgTEJsbs,990
OP - 991,1wP7n5GaBgiWLeTnH4-MwglZfFjcovj-S,991
OP - 992,1h4eE5HGwwxc5zFpoIZmyF-1BiKEWRwAW,992
OP - 993,1UlcMjGhmVkc_1799sNwVRxZ6LRmQB_tj,993
OP - 994,1vBTgT0-9Hmo2bBG5wsi0V_unzP2BRg1O,994
OP - 995,1V8zIk7A2RJ0FhbcNaadLvdcHM1zWURwO,995
OP - 996,1plqaxXIP6pTE0QyrQKsn5YaN11dL6E0_,996
OP - 997,1QnQl9sILPLb1hKTgHpBRQd-wM3HVztUR,997
OP - 998,1RTRtA-PQIK-UZVoPK63cZhm8A89-OImC,998
OP - 999,1FF5jYSX4ytdKRaw7d66TVjMkfJpR5j-d,999
OP - 1000,1DBcpxER_5NVh6OLU2pIyokYLUISgJ3GP,1000
OP - 1001,1mk8v39ya1XWbkeZSMfmRxvIu38-LY9NC,1001
OP - 1002,1tFvqHDTjG0ew_IlQxk0MGAoBmovJRYgD,1002
OP - 1003,1hVuQqoJCDtX9Z5SUUQK1MThMMIUsllgE,1003
OP - 1004,1JsEErhHFI1RY3zdZK9YpUjSOHX9a2XkE,1004
OP - 1005,106RtxNef8cfL3Rven5lNYxOYlYwHZen7,1005
OP - 1006,11BpRyjhMm21mBQl58hp_V1-eJ6uCC5eH,1006
OP - 1007,1wPNIvlSu7d_yttfPNs4sde17jqDMA7Lp,1007
OP - 1008,1au05L3NC-wwKDi5neXbHpNkjyq1LUOK7,1008
OP - 1009,12os9_nosLe2FLxKwEDiLPREn_5I-abqB,1009
OP - 1010,1mDJKOindu67BxHUjNPD1aplUUDZlYj95,1010
OP - 1011,1akP3ELD9BDLy2eeXODm5xE9UDMQmuXpA,1011
OP - 1012,10UzxDOngD9PHAvpXgMl9fRDIHGotfwoP,1012
OP - 1013,1mOLGsehv1Pjd17xXjRFaMmSYb12PtzNh,1013
OP - 1014,1v62k2MonB_DR4whdLOFMtSEYiXyh3ghv,1014
OP - 1015,1rQ8GD-XAuMLjJ7cPSN4ZbiI3hcKYyCqV,1015
OP - 1016,1_9IfQgX8ZUef3Ew--AYsYBVLOz-V_C3H,1016
OP - 1017,1Tvr4f4dzpVgysbeYYrAQZi7siItbihbP,1017
OP - 1018,1y4T8q5vHx4-Ub3ywj0tZFXJ1snCgPJ--,1018
OP - 1019,1V3jjp-ZG28dqzPCjtwUp3O16CadVSD6C,1019
OP - 1020,1CSca46aUrLjRwxag9-hJdtPSrymaqDgw,1020
OP - 1021,1qcluSPzCvBP7CDcsjKI9Dy55X95WDxX7,1021
OP - 1022,1ingl4s5FXWVjczzU56oAGhyH_r8W7k64,1022
OP - 1023,1cUMgP7tD2h8bLVziJHDVps0RCZiQbT_3,1023
OP - 1024,1QCED1Ikehj0qP_NgF2yQCEvcprqBzTBr,1024
OP - 1025,1LDe7H7dNm_xxQCBAmSuxZjO3BJVLUAOj,1025
OP - 1026,1LFeJksjLa9t3O9NWS4Uv8XDlxm9Xej3A,1026
OP - 1027,13IoPRS63Sb4-PGTzxghrVPMatOFgQOdS,1027
OP - 1028,1Uwmem92z2XyfHTKD1fY5pg6WIVtIYImo,1028
OP - 1029,10q61ugm_kE226f7CaNL_FXz95wC94S7Q,1029
OP - 1030,1qLEDciNDOu8-EpQOF6xMd-0_4GUQ38Iq,1030
OP - 1031,19B5nNMLfsZxIEQir7iVraVWFF1RDbOOx,1031
OP - 1032,1VSKici4fXHCLflOahcRTZwFMoVetPqVd,1032
OP - 1033,1m4bZ-yoHr_R_UVEDnrk00yS_LMWdgDDf,1033
OP - 1034,1mY9DGHJPe7CLsylvQjlO526CDThj9uZ0,1034
OP - 1035,1pyeVhk4P1JKFA6R1c1GTUZiM0AkfoF3l,1035
OP - 1036,10hjtNEovs993mGgXjDQBwuhdGa7PG6bq,1036
OP - 1037,1oABZtkO8ARqGdslphlFQXJRINHyNkaqI,1037
OP - 1038,1G6xY4bCO6mHjMKsCvztyPxq6oo0Z1d3L,1038
OP - 1039,17uEJt6W5dqpFTH0kqooGfc6rSMdA3SyG,1039
OP - 1040,1-nQY46nXk6He2FgwAAzxrz7UlRtxhcJ8,1040
OP - 1041,1GhDvQ1pEXdxD4bEdykuTHU9P4vVN9Nbz,1041
OP - 1042,1uINHQpF2wut2af8OlfNbUqiMIv7CTblM,1042
OP - 1043,12-5Fi2W8GCJ6fNmSw_PUV17gNY9B68jQ,1043
OP - 1044,187-Y-g3-d51ttteVj1phROvlcmQUdjJp,1044
OP - 1045,1m81abYDOk9DGdihK2zB-nxkvBninU_Hu,1045
OP - 1046,1WkpdAsSrAUAeHDsHfx-bIWY4uHJNX_ky,1046
OP - 1047,1J7NNuBLkPrO4amFkoWVPehDFXESqd-Sv,1047
OP - 1048,1bmYFCVbfymlioU_J1AlwF8Y2EPG9rbkh,1048
OP - 1049,13rK6pPKsrqyNnrqoyu5yty_a6JM1WVyc,1049
OP - 1050,1Z3K-XdCoyt99mp0gvN2OBDJE9xHKtLM5,1050
OP - 1051,1_MKrARcU4idKnqrZdn6rVn0PA4fBSkgs,1051
OP - 1052,1Qaamzy7B955tgB8pQM-pperf8lZovLEx,1052
OP - 1053,1LJuWH6esTX-CwCQMQEadUElAr4SZFbPN,1053
OP - 1054,1ITedhOwAcONU0Nlsp7IYY3jZjuos1Stn,1054
OP - 1055,1cmDvf9ZuQc49ThoZrDvPISQ-mcf_AMda,1055
